path,true,pred,food_score,chart_score,source
dataset/val/food/45b24f3dfd7e_土鸡炖粉条.jpg,food,other,0.7497698664665222,0.007491521071642637,real
dataset/val/food/23464ad10fa9_natural_object_hf_caltech256_91_001979_b5ecf3f778ca.jpg,food,other,0.7494816780090332,0.004743197932839394,real
dataset/val/food/4f9e93402706_清炖土鸡汤.jpg,food,other,0.7489173412322998,0.016384178772568703,real
dataset/val/food/95ede00f21c9_烤土豆_8FA6C70980.jpg,food,other,0.7488139271736145,0.005035762209445238,real
dataset/val/food/8dada57f860c_scene_texture_hf_sun397_221_002400_47adc7970096.jpg,food,other,0.7481096386909485,0.005523751024156809,real
dataset/val/food/1ae44a6bf2c5_natural_object_hf_caltech101_99_000693_2dad7db9dff7.jpg,food,other,0.7474825382232666,0.0005561257130466402,real
dataset/val/food/40b668d2f0f7_document_chainyo_rvl-cdip_5_003204_afcf3bfc01aa.jpg,food,other,0.747385561466217,0.04868520423769951,real
dataset/val/food/f13ee87f6ef7_document_chainyo_rvl-cdip_4_003219_eab05c48ff92.jpg,food,other,0.7466174364089966,0.12009324133396149,real
dataset/val/food/e93a11bd77a5_document_chainyo_rvl-cdip_7_003414_76b4f3d73f51.jpg,food,other,0.7447764873504639,0.2911874055862427,real
dataset/val/food/53538c7da416_干锅菜花_73D034640F.jpg,food,other,0.7446126341819763,0.010476360097527504,real
dataset/val/food/d6c22da263bd_干锅双肚__6_.jpg,food,other,0.7441516518592834,0.003871520049870014,real
dataset/val/food/ea90d5cf9e32_natural_object_hf_caltech101_58_000555_4a10edf15979.jpg,food,other,0.7430666089057922,0.05382360517978668,real
dataset/val/food/ad54163489c8_document_chainyo_rvl-cdip_12_003657_0710144e9573.jpg,food,other,0.7427901029586792,0.06947833299636841,real
dataset/val/food/ddded087cfed_YC8113纸锅香干.jpg,food,other,0.7423245310783386,0.006323772016912699,real
dataset/val/food/47bef24eb490_竹荪鱼头煲.jpg,food,other,0.7422122955322266,0.018053986132144928,real
dataset/val/food/423eb1ff5886_砂锅水芹菜_CAD9C7AE7F.jpg,food,other,0.741700291633606,0.004427425563335419,real
dataset/val/food/6468c20908c3_农家泡藕带.jpg,food,other,0.7410369515419006,0.002844974398612976,real
dataset/val/food/8cc9620bef1b_YC7447镶碗.jpg,food,other,0.7410359382629395,0.008911493234336376,real
dataset/val/food/cf8b0a7df069_6868泰椒银芽炒肥牛.jpg,food,other,0.7406379580497742,0.001550027634948492,real
dataset/val/food/6e064e1b2a43_natural_object_hf_caltech101_27_000523_59aec086e940.jpg,food,other,0.740603506565094,0.0027840500697493553,real
dataset/val/food/15afd991f5a2_scene_texture_hf_sun397_86_002818_7a86d7360d93.jpg,food,other,0.740163266658783,0.005145626608282328,real
dataset/val/food/a3eaca6b6dd7_natural_object_hf_caltech256_181_001347_cc110863feb9.jpg,food,other,0.7385596036911011,0.0002543071750551462,real
dataset/val/food/a7e4f15c9f06_小碗蒸四季豆.jpg,food,other,0.7371371984481812,0.0293424054980278,real
dataset/val/food/1fd2258b5ded_scene_texture_hf_sun397_342_002180_60e208b4513c.jpg,food,other,0.7369235157966614,0.03516831621527672,real
dataset/val/food/e9e7cd6c50fe_干锅莴笋.jpg,food,other,0.7364752888679504,0.00630611227825284,real
dataset/val/food/36d12a8eb650_滋补鹿宝汤.jpg,food,other,0.7355656027793884,0.01993190310895443,real
dataset/val/food/a5284ce4e643_鲜竹准山炒爽脷__1_.jpg,food,other,0.7341576218605042,0.0015448344638571143,real
dataset/val/food/84f907482950_亮亮图文旗舰店__3__3752DF3B3A.jpg,food,other,0.7322089076042175,0.026311002671718597,real
dataset/val/food/8a61b59d1b6a_scene_texture_hf_sun397_354_002272_e7e4662caf44.jpg,food,other,0.7310593724250793,0.037453047931194305,real
dataset/val/food/b440998b7a36_IMG_2455.jpg,food,other,0.7307010889053345,0.010900230146944523,real
dataset/val/food/6edd544cd8ae_natural_object_hf_caltech101_38_000235_373392fc9c0b.jpg,food,other,0.7298452854156494,0.006540901027619839,real
dataset/val/food/6d4072e4a979_麻辣花蛤.jpg,food,other,0.7297338843345642,0.0015871616778895259,real
dataset/val/food/cf3073343d40_YC8067照壁上上签.jpg,food,other,0.7287906408309937,0.046352874487638474,real
dataset/val/food/c78cd487e55a_YC4896热_鸭丝土豆饼.jpg,food,other,0.7284500002861023,0.0005335654714144766,real
dataset/val/food/61ae13663470_干锅萝卜干.jpg,food,other,0.7282105088233948,0.010720067657530308,real
dataset/val/food/03ba85c5d5e5_YC7648野菌捞饭.jpg,food,other,0.7273142337799072,0.0140848932787776,real
dataset/val/food/dcd696c66687_document_chainyo_rvl-cdip_12_003569_e58bad3e57b7.jpg,food,other,0.7272639870643616,0.0809573158621788,real
dataset/val/food/dc5dfa4065fd_YC3336冒jun肝.jpg,food,other,0.7260888814926147,0.007518881466239691,real
dataset/val/food/c3fb6a7a4c8b_YC2100鸡汁青菜钵.jpg,food,other,0.7259142994880676,0.004422787111252546,real
dataset/val/food/226826e93370_煎包_锅贴_包子.jpg,food,other,0.7253397703170776,0.004312599077820778,real
dataset/val/food/a2d8cb5c46f9_natural_object_hf_caltech256_102_001261_8682676904ff.jpg,food,other,0.724486768245697,0.0025230534374713898,real
dataset/val/food/ddefe73488f8_蛋糕塔_IMG_20220108_141629.jpg,food,other,0.7243069410324097,0.045331671833992004,real
dataset/val/food/6e33ffa46465_石锅鲍鱼菇__2_.jpg,food,other,0.7236932516098022,0.00474525848403573,real
dataset/val/food/1d8536c6e5c6_贡米烩辽参__1_.jpg,food,other,0.723433256149292,0.001890945597551763,real
dataset/val/food/44ccd95880d9_document_chainyo_rvl-cdip_4_003243_04e7915c841d.jpg,food,other,0.7226765155792236,0.2626454532146454,real
dataset/val/food/bd3ebdc244e8_日本火山石烧金勾仔翅.jpg,food,other,0.7225358486175537,0.025142580270767212,real
dataset/val/food/0c2772513f80_YC482铁锅双椒乌鸡.jpg,food,other,0.7220590114593506,0.0036219556350260973,real
dataset/val/food/45e89223ed7a_881砂窝菜花18元份.jpg,food,other,0.7202410101890564,0.011478608474135399,real
dataset/val/food/f7a9b95d3ed9_洋葱木耳__2_.jpg,food,other,0.7194269299507141,0.010882657021284103,real
dataset/val/food/c16710362669_YC326麻辣香锅.jpg,food,other,0.7190243601799011,0.006340667139738798,real
dataset/val/food/2f29acf4ec6a_814砂钵干豆芽28.jpg,food,other,0.7177338004112244,0.0033558893483132124,real
dataset/val/food/dfdbd87686ea_document_chainyo_rvl-cdip_6_003565_b732f469d5f7.jpg,food,other,0.7160046100616455,0.11318154633045197,real
dataset/val/food/bb626a6a3354_natural_object_hf_caltech256_246_001163_749c4a779ff8.jpg,food,other,0.7158235907554626,0.0038296994753181934,real
dataset/val/food/cceee1c1efe2_土芹菜炒腊肉_1ED23872E9.jpg,food,other,0.7157961130142212,0.0030863231513649225,real
dataset/val/food/abcadd7efad9_联盟猫旗舰店1__48__62CD48D44C.jpg,food,other,0.7151342630386353,0.007462737616151571,real
dataset/val/food/af054fd59408_IMG_20220108_141127.jpg,food,other,0.7143316268920898,0.0011769240954890847,real
dataset/val/food/74345188a82a_联盟猫旗舰店__30_.jpg,food,other,0.7140944600105286,0.0009599508484825492,real
dataset/val/food/7280927f75ed_document_chainyo_rvl-cdip_6_003605_4dcf33b44dc1.jpg,food,other,0.711785078048706,0.3475129008293152,real
dataset/val/food/dd1efbcdede0_亮亮图文旗舰店__12__7853482CB8.jpg,food,other,0.7117557525634766,0.0036431816406548023,real
dataset/val/food/a68914874546_document_chainyo_rvl-cdip_7_003438_12f9b4bbfe55.jpg,food,other,0.7113489508628845,0.0903034433722496,real
dataset/val/food/2a3091a88d01_鲍汁扣花菇_F44C6AF656.jpg,food,other,0.711128830909729,0.008607877418398857,real
dataset/val/food/738fdeaa7b85_联盟猫旗舰店HQ483-0057金针肥羊锅.jpg,food,other,0.7108954191207886,0.006692070979624987,real
dataset/val/food/2c964943b7ab_natural_object_hf_caltech101_6_000934_6bef3f58a008.jpg,food,other,0.7100722789764404,0.0021393978968262672,real
dataset/val/food/e0d928e967a2_natural_object_hf_caltech256_194_001610_366479321842.jpg,food,other,0.7096439003944397,0.001429968629963696,real
dataset/val/food/57a51b4298c4_natural_object_hf_caltech101_79_000673_d773079e584c.jpg,food,other,0.7087900042533875,0.0035121559631079435,real
dataset/val/food/39464718f757_刺身宝石茄__1_.jpg,food,other,0.7083578705787659,0.02023199386894703,real
dataset/val/food/3ab43291df7a_scene_texture_hf_sun397_96_002758_e75870071bfb.jpg,food,other,0.7077810764312744,0.017144419252872467,real
dataset/val/food/3638c09830ba_姜丝辣白菜_6309014E65.jpg,food,other,0.7066624760627747,0.012416034936904907,real
dataset/val/food/5b3a2ae5d010_干锅千页豆腐_DF4159D5EE.jpg,food,other,0.7061330676078796,0.020864304155111313,real
dataset/val/food/84b624112ba5_natural_object_hf_caltech101_3_000125_354c4b82ab81.jpg,food,other,0.7057875394821167,0.010845793411135674,real
dataset/val/food/7b2536ad934f_YC2596金汤肥牛.jpg,food,other,0.7057464122772217,0.013274436816573143,real
dataset/val/food/cf373776031b_document_chainyo_rvl-cdip_0_003368_91a1800992f8.jpg,food,other,0.7050493359565735,0.28381404280662537,real
dataset/val/food/d23e9fd71e27_document_chainyo_rvl-cdip_12_003033_fa73385f73cd.jpg,food,other,0.7047280669212341,0.04707795009016991,real
dataset/val/food/c02487a03f4a_scene_texture_hf_sun397_349_002187_8e92cc02dc8a.jpg,food,other,0.7045751214027405,0.010812011547386646,real
dataset/val/food/84593cc64faf_醉虾__6_.jpg,food,other,0.7025548815727234,0.009523002430796623,real
dataset/val/food/fe7cdc343285_石锅烤肉拌饭.jpg,food,other,0.7012953758239746,0.009563530795276165,real
dataset/val/food/85eb79bd49e1_酱香鸭舌.jpg,food,other,0.698986291885376,0.005438666325062513,real
dataset/val/food/070a75c34c8e_document_chainyo_rvl-cdip_7_003302_b5c15e04c0b3.jpg,food,other,0.6989324688911438,0.14114847779273987,real
dataset/val/food/7d4a062c6471_scene_texture_hf_sun397_95_002964_20d76ee3de3d.jpg,food,other,0.6980385184288025,0.07506343722343445,real
dataset/val/food/f888e828bd86_document_chainyo_rvl-cdip_5_003468_53570ecce868.jpg,food,other,0.6978302597999573,0.28641998767852783,real
dataset/val/food/94c137806128_natural_object_hf_caltech256_42_001447_73093d68e0e9.jpg,food,other,0.6957120299339294,0.01161156501621008,real
dataset/val/food/e22624de6e3f_HQ071河鲜-清蒸桂鱼.jpg,food,other,0.6929532885551453,0.007798473350703716,real
dataset/val/food/dd7650ebe6f5_YC3933飘香茶树菇.jpg,food,other,0.6924859881401062,0.007255039643496275,real
dataset/val/food/2c53bae49485_蜜汁小排.jpg,food,other,0.6919242143630981,0.0007611782057210803,real
dataset/val/food/feec7716c57e_紫薯山药_8505C6DD06.jpg,food,other,0.6915785074234009,0.011288829147815704,real
dataset/val/food/83350c3818ff_纸杯蛋糕_IMG_20220108_141323.jpg,food,other,0.6913294792175293,0.0044872150756418705,real
dataset/val/food/d9542c69256e_五谷炖辽参_2891C649D8.jpg,food,other,0.6889812350273132,0.00542401522397995,real
dataset/val/food/3585850a1048_农家窝窝头.jpg,food,other,0.6888160705566406,0.02491082437336445,real
dataset/val/food/2f773c6e0a25_document_chainyo_rvl-cdip_6_003621_71769ceba6bb.jpg,food,other,0.6887579560279846,0.5561747550964355,real
dataset/val/food/bad908d64c77_document_chainyo_rvl-cdip_12_003017_3eb475619888.jpg,food,other,0.6886851787567139,0.057537585496902466,real
dataset/val/food/8b105bfd0f3b_亮亮图文旗舰店__10__4D783BB2A9.jpg,food,other,0.6862359046936035,0.0032586546149104834,real
dataset/val/food/134ba6a51668_263干锅田鸡78元_例.jpg,food,other,0.6857434511184692,0.009263098239898682,real
dataset/val/food/31af84d85e4c_scene_texture_hf_sun397_348_002564_e8b1e8a1c396.jpg,food,other,0.6857268214225769,0.058915119618177414,real
dataset/val/food/3d26850b8ede_联盟猫旗舰店1__30__AFC4B1E9C6.jpg,food,other,0.6819646954536438,0.008235085755586624,real
dataset/val/food/8c3241a555df_HQ031河鲜.jpg,food,other,0.6814867258071899,0.014836262911558151,real
dataset/val/food/b2b37a321a59_YC2042鸡米窝窝头.jpg,food,other,0.6801760196685791,0.0009226151742041111,real
dataset/val/food/927fb585d382_document_chainyo_rvl-cdip_3_003506_4b42bf1ad31b.jpg,food,other,0.6799864172935486,0.07283899933099747,real
dataset/val/food/2d5424d84401_亮亮图文旗舰店1__24__B0DB29BDEA.jpg,food,other,0.6796444058418274,0.030270051211118698,real
dataset/val/food/87f2a589a0da_scene_texture_hf_sun397_80_002298_63b16b4addff.jpg,food,other,0.6795366406440735,0.007225833833217621,real
dataset/val/food/89fdbddb5524_YC6302土豆粉炖牛腩.jpg,food,other,0.6787859201431274,0.019757496193051338,real
dataset/val/food/2bbc39c60f8f_YC1778糊辣薄荷叶炒竹蛹.jpg,food,other,0.6779525279998779,0.02754891663789749,real
dataset/val/food/0ecca96cd18b_三色面__1_.jpg,food,other,0.6771119832992554,0.002866585971787572,real
dataset/val/food/d3323058b2ed_568西红柿揪面片__10元碗.jpg,food,other,0.6755697727203369,0.010983793064951897,real
dataset/val/food/00fa40ac9d68_YC3067篱笆彩虹大排.jpg,food,other,0.675449788570404,0.005631867330521345,real
dataset/val/food/c7e15f507690_natural_object_hf_caltech256_165_001073_a02d56ddea62.jpg,food,other,0.6746890544891357,0.007628169376403093,real
dataset/val/food/344c43bd176b_紫菜包饭1.jpg,food,other,0.674662709236145,0.005855318158864975,real
dataset/val/food/d271b334db04_natural_object_hf_caltech256_10_001258_0965ce80920e.jpg,food,other,0.6723533272743225,0.0017086244188249111,real
dataset/val/food/947d76602ddf_31230f48-944c-11ef-90b6-0242ac150002-6fa459ea-ee8a-3ca4-894e-db77e160355e.jpg,food,other,0.6718763113021851,0.011503040790557861,real
dataset/val/food/c523e2b14bad_萝卜烩排骨.jpg,food,other,0.6713212132453918,0.004308231640607119,real
dataset/val/food/24472b2fd7e5_natural_object_hf_caltech256_180_001836_637b106d962e.jpg,food,other,0.6700450778007507,0.006575384177267551,real
dataset/val/food/748f67532640_湖南米粉_B86EB4329E.jpg,food,other,0.669691801071167,0.010964344255626202,real
dataset/val/food/791de667ac49_scene_texture_hf_sun397_78_002594_cd19ce204a9d.jpg,food,other,0.6691186428070068,0.0109229926019907,real
dataset/val/food/d739d0631eb2_381仁和碗碗饭.jpg,food,other,0.6691071391105652,0.03729678690433502,real
dataset/val/food/6212e52bd9ca_6953小鸡炖蘑菇.jpg,food,other,0.6683908700942993,0.005264906212687492,real
dataset/val/food/24db2a0a1490_natural_object_hf_caltech101_87_000289_2784e29caf92.jpg,food,other,0.667659342288971,0.03499194607138634,real
dataset/val/food/95d2ff6e8e2d_干锅娃娃菜a__6_.jpg,food,other,0.6669609546661377,0.007605002261698246,real
dataset/val/food/53b15225ed81_口味鸭舌__3_.jpg,food,other,0.66665118932724,0.008650382980704308,real
dataset/val/food/5f28075bf79c_海皇粉丝煲_402DEA27E2.jpg,food,other,0.6660071611404419,0.0030053029768168926,real
dataset/val/food/2b0d1cf42cb9_natural_object_hf_caltech101_8_000578_034037f95085.jpg,food,other,0.6626507043838501,0.00032440925133414567,real
dataset/val/food/8f55a5e3efc3_document_chainyo_rvl-cdip_6_003237_1c815487fddf.jpg,food,other,0.6622140407562256,0.5108150839805603,real
dataset/val/food/c95d7df1b4e6_YC7586盐焗蛇.jpg,food,other,0.661710798740387,0.01922048255801201,real
dataset/val/food/996dd9e3951d_710湘菜-玉金湘土鸡煲.jpg,food,other,0.6613190770149231,0.007068502251058817,real
dataset/val/food/087f8ecffc9a_YC4734热--满载而归.jpg,food,other,0.6603121161460876,0.028566306456923485,real
dataset/val/food/fd2f86d65d87_331乡村牛柳.jpg,food,other,0.6594102382659912,0.013180785812437534,real
dataset/val/food/86ca0b2906b7_natural_object_hf_caltech256_200_001369_0b11d4c7120a.jpg,food,other,0.6586224436759949,0.006818588823080063,real
dataset/val/food/70d7c640fa79_XO酱板芥兰.jpg,food,other,0.6578067541122437,0.0034404457546770573,real
dataset/val/food/e43d9204ca90_枣味花生粥.jpg,food,other,0.6578063368797302,0.03186298906803131,real
dataset/val/food/4b7cc5e87669_野生黑木耳_87E6B8D9E9.jpg,food,other,0.657774031162262,0.0032207113690674305,real
dataset/val/food/67097be92463_YC3768农民鸭.jpg,food,other,0.6563917398452759,0.003406127914786339,real
dataset/val/food/161712af2d89_scene_texture_hf_sun397_61_002277_03990db44589.jpg,food,other,0.6562238931655884,0.007077008485794067,real
dataset/val/food/88fd21fe1769_冬瓜炒蛏子.jpg,food,other,0.6544209718704224,0.0027526177000254393,real
dataset/val/food/5b6b80218f47_462美泷吉-甲鱼火锅.jpg,food,other,0.6535230875015259,0.0031261383555829525,real
dataset/val/food/e9fad53f92bb_310温情煲仔篇-林菇山鸡.jpg,food,other,0.6530901789665222,0.011444268748164177,real
dataset/val/food/ab7202c5b6fd_YC5109山珍豆汤不要蛙.jpg,food,other,0.6530558466911316,0.024247482419013977,real
dataset/val/food/9ff327cfaa9a_YC2068鸡丝粉条.jpg,food,other,0.6508784294128418,0.016990231350064278,real
dataset/val/food/c083909d066a_亮亮图文旗舰店__96__B0D803E626.jpg,food,other,0.6502435207366943,0.0033316807821393013,real
dataset/val/food/4a031efe5ca9_natural_object_hf_caltech101_37_000726_5d830d30a341.jpg,food,other,0.6500521302223206,0.0011239503510296345,real
dataset/val/food/217794bf9f0b_129干锅湘笋32.jpg,food,other,0.6489799618721008,0.0023403107188642025,real
dataset/val/food/38fa2f6a9262_natural_object_hf_caltech101_88_000490_271694481266.jpg,food,other,0.6482449769973755,0.02153313346207142,real
dataset/val/food/4c0c35eacdbd_鸡蛋粉皮__1_.jpg,food,other,0.64741450548172,0.006090312730520964,real
dataset/val/food/1ae0d99a21a7_natural_object_hf_caltech101_47_000736_bdbf10875a22.jpg,food,other,0.6472780704498291,0.0065225823782384396,real
dataset/val/food/4f0be86355bc_natural_object_hf_caltech101_10_000204_ed766716c840.jpg,food,other,0.6471659541130066,0.03197287395596504,real
dataset/val/food/f72bd4e5917b_natural_object_hf_caltech256_156_001063_df9c8437c283.jpg,food,other,0.646998941898346,0.06309931725263596,real
dataset/val/food/14e968869937_YC5967汤-青菜钵.jpg,food,other,0.646571695804596,0.010351593606173992,real
dataset/val/food/3274698f6227_联盟猫旗舰店0312__54_.jpg,food,other,0.6462791562080383,0.0017324908403679729,real
dataset/val/food/8284577255c9_natural_object_hf_caltech101_17_000010_07fcf32bb842.jpg,food,other,0.6459100842475891,0.01986093819141388,real
dataset/val/food/4cd76b11288f_natural_object_hf_caltech256_128_001783_d175f2c7a583.jpg,food,other,0.6456236839294434,0.0831441879272461,real
dataset/val/food/f698b9f68140_097豆面抿尖.jpg,food,other,0.645496129989624,0.026338832452893257,real
dataset/val/food/bd7ee5f8cbe6_YC4185青椒鸡.jpg,food,other,0.6452538371086121,0.006459916941821575,real
dataset/val/food/2aa5e81ae8c7_document_chainyo_rvl-cdip_12_003345_ec4656957198.jpg,food,other,0.6435233354568481,0.18731456995010376,real
dataset/val/food/93815f251052_natural_object_hf_caltech101_85_000775_c49c403952a8.jpg,food,other,0.6425698399543762,0.009465268813073635,real
dataset/val/food/7220fcc55bcc_natural_object_hf_caltech256_193_001104_2abf0f348791.jpg,food,other,0.6425307393074036,0.0024180260952562094,real
dataset/val/food/267c2053790d_太极双生.jpg,food,other,0.6422883868217468,0.0059873671270906925,real
dataset/val/food/8e08900895d2_联盟猫旗舰店1__25__C44893DCB0.jpg,food,other,0.6418591737747192,0.005016111768782139,real
dataset/val/food/6d84a1d0853d_684虾滑萝卜煲-.jpg,food,other,0.6403246521949768,0.040560051798820496,real
dataset/val/food/ce0de5d05512_natural_object_hf_caltech256_65_001219_b0c0f69c6d8c.jpg,food,other,0.6392822265625,0.008642686530947685,real
dataset/val/food/8fbde97e4403_YC1018粉丝捞鳝丝.jpg,food,other,0.6384649276733398,0.0039534312672913074,real
dataset/val/food/2c68a77ee8c4_醋泡花生__3__7A23EE424A.jpg,food,other,0.6374658346176147,0.018120087683200836,real
dataset/val/food/6ec0cae215bb_碳烤牛蹄_9314E0E7C5.jpg,food,other,0.6355176568031311,0.009433411061763763,real
dataset/val/food/2f2e499a75e7_document_chainyo_rvl-cdip_7_003662_904b8af24fe5.jpg,food,other,0.6351979374885559,0.44214990735054016,real
dataset/val/food/0741bbb22730_083烹鱼翅--官府浓汤钩翅.jpg,food,other,0.6345890164375305,0.013140388764441013,real
dataset/val/food/4d4c0e5f1788_联盟猫旗舰店HQ483-0012东北乱炖.jpg,food,other,0.6345478892326355,0.0074168602004647255,real
dataset/val/food/5fda91dcc098_曲奇饼干_IMG_20220108_142517.jpg,food,other,0.6345316767692566,0.005423659924417734,real
dataset/val/food/cee47088c7a1_凤尾虾.jpg,food,other,0.6336731314659119,0.005034498404711485,real
dataset/val/food/03994cff382b_document_chainyo_rvl-cdip_6_003285_8ced0a91b1e9.jpg,food,other,0.6333533525466919,0.36282411217689514,real
dataset/val/food/4a12b3667ed1_农场柴鸡泡馍__3_.jpg,food,other,0.6305768489837646,0.013764498755335808,real
dataset/val/food/79643706db54_document_chainyo_rvl-cdip_9_003303_2fe66a293407.jpg,food,other,0.6304336190223694,0.41944968700408936,real
dataset/val/food/f5c6748aac8e_YC2977辣味菌滑排.jpg,food,other,0.6303489208221436,0.021222269162535667,real
dataset/val/food/7e8616d2c26d_海皇粉丝煲2.jpg,food,other,0.6284202933311462,0.009176886640489101,real
dataset/val/food/9a842837ed77_金汤煨凤爪__3_.jpg,food,other,0.6281968951225281,0.02283148095011711,real
dataset/val/food/4be7b49089ec_部落羊排.jpg,food,other,0.6280646324157715,0.012545540928840637,real
dataset/val/food/3daca5d6de5b_361旗花面8元碗.jpg,food,other,0.627877414226532,0.01155004557222128,real
dataset/val/food/e1fd90722bbb_scene_texture_hf_sun397_99_002761_9e5d998da46b.jpg,food,other,0.6267387866973877,0.020416229963302612,real
dataset/val/food/f9218b1667b4_scene_texture_hf_sun397_355_002645_cae13c68bffc.jpg,food,other,0.6266267895698547,0.03227773308753967,real
dataset/val/food/102996f9c064_natural_object_hf_caltech101_77_000379_5729b6e1a787.jpg,food,other,0.6225717067718506,0.0009354111971333623,real
dataset/val/food/760f6fcc4f97_YC3071丽景花豆腐_6BD569F10C.jpg,food,other,0.6224855184555054,0.014711753465235233,real
dataset/val/food/0cd307fc0138_1073酸菇鸡煲36元.jpg,food,other,0.6221381425857544,0.0046911039389669895,real
dataset/val/food/8958eb1c121b_document_chainyo_rvl-cdip_3_003018_55ce2dd43960.jpg,food,other,0.6213024854660034,0.007175268139690161,real
dataset/val/food/75202256beaf_331热功夫干锅神仙菇.jpg,food,other,0.6208128333091736,0.010124389082193375,real
dataset/val/food/197a698c0830_YC5875蒜香骨副本.jpg,food,other,0.6183369755744934,0.0004628141759894788,real
dataset/val/food/e6be85692b66_247石锅豆腐.jpg,food,other,0.6178943514823914,0.021815579384565353,real
dataset/val/food/7feb0668586e_干锅脆皮豆腐__4_.jpg,food,other,0.6171268224716187,0.005658668465912342,real
dataset/val/food/b86bac155ef3_scene_texture_hf_sun397_344_002977_b07a4ebcc718.jpg,food,other,0.614456832408905,0.11410479247570038,real
dataset/val/food/e2d90b7c1ecf_YC6567鲜椒跳跳骨.jpg,food,other,0.61335289478302,0.008065805770456791,real
dataset/val/food/949598efd02d_natural_object_hf_caltech101_91_000395_46059a2a516a.jpg,food,other,0.613105058670044,0.006092027761042118,real
dataset/val/food/efcd465adcd5_natural_object_hf_caltech101_20_000708_de3cbd9a59c0.jpg,food,other,0.6116166710853577,0.01171631459146738,real
dataset/val/food/9f6a7633fdbb_20220108144732.jpg,food,other,0.6112757325172424,0.001956396736204624,real
dataset/val/food/da7ad3d60085_凉拌藕片_36D5416480.jpg,food,other,0.6096868515014648,0.003878819989040494,real
dataset/val/food/89fb74e40857_蒜蓉烤菠菜.jpg,food,other,0.6092716455459595,0.002359344158321619,real
dataset/val/food/cd7a5f4c2e71_现磨豆腐__3_.jpg,food,other,0.6087825894355774,0.0014018339570611715,real
dataset/val/food/0da41f3b3a52_蟹粉豆腐.jpg,food,other,0.6081253290176392,0.08057844638824463,real
dataset/val/food/1f697e63407a_卷饼4.jpg,food,other,0.6076416373252869,0.0033022465649992228,real
dataset/val/food/fe4c8a3958a2_冰糖雪蛤.jpg,food,other,0.6074119210243225,0.23519806563854218,real
dataset/val/food/48b7121c8c14_金不换啫牛仔骨.jpg,food,other,0.606352686882019,0.004340209532529116,real
dataset/val/food/00aaa62a2091_document_chainyo_rvl-cdip_6_003213_e935b0b7626f.jpg,food,other,0.605303943157196,0.09236307442188263,real
dataset/val/food/227edb6245b0_YC2460饺子银丝燕饺.jpg,food,other,0.6050183773040771,0.018290134146809578,real
dataset/val/food/281ecd61e1c5_奶汤煨鱼肚.jpg,food,other,0.6047373414039612,0.07045944035053253,real
dataset/val/food/ba938f9b670e_scene_texture_hf_sun397_80_002140_7dfd7ac56b64.jpg,food,other,0.604170560836792,0.0023790323175489902,real
dataset/val/food/f4286de942d7_长安浆水鱼.jpg,food,other,0.6032508015632629,0.030608201399445534,real
dataset/val/food/03e2cbea5af7_scene_texture_hf_sun397_83_002143_73ad038750e4.jpg,food,other,0.6011976599693298,0.09758288413286209,real
dataset/val/food/3207925bb90d_natural_object_hf_caltech256_250_001903_50245f454593.jpg,food,other,0.6006643772125244,0.011781740002334118,real
dataset/val/food/1ae6e9fab03b_HQ021边炉系列-边炉牛肉.jpg,food,other,0.5999048948287964,0.010924330912530422,real
dataset/val/food/5f8e9035be4a_YC4036汽锅萝卜副本.jpg,food,other,0.5993620753288269,0.024621857330203056,real
dataset/val/food/8cb61e988fd6_南瓜饼.jpg,food,other,0.5988854765892029,0.0033631506375968456,real
dataset/val/food/1aeaff5ecdb6_YC4010七彩时蔬.jpg,food,other,0.5987346768379211,0.016478419303894043,real
dataset/val/food/79968ae1c174_54干锅田园土鸡.jpg,food,other,0.5975275039672852,0.005193451419472694,real
dataset/val/food/36ab3c169d88_泰式辣酱拌双耳.jpg,food,other,0.5974759459495544,0.016980359330773354,real
dataset/val/food/e52c7a2f13fd_干菜花炒香肉.jpg,food,other,0.5960542559623718,0.0090450095012784,real
dataset/val/food/3660c8fc1245_natural_object_hf_caltech256_245_001897_ee99173b4ab8.jpg,food,other,0.595740020275116,0.03526708111166954,real
dataset/val/food/1422ea68baa1_document_chainyo_rvl-cdip_3_003314_172eb5d5d120.jpg,food,other,0.5953652858734131,0.1368778795003891,real
dataset/val/food/d027208e2390_酸菜黑鱼.jpg,food,other,0.5949153304100037,0.018864819779992104,real
dataset/val/food/8a5c24c75bef_natural_object_hf_caltech101_86_000776_25d3f9f44b98.jpg,food,other,0.593804657459259,0.006078948266804218,real
dataset/val/food/d83888ca80bc_natural_object_hf_caltech256_114_001524_109205ebc898.jpg,food,other,0.5872519016265869,0.0015372408088296652,real
dataset/val/food/a7de9a4e2023_关东煮.jpg,food,other,0.5861961245536804,0.00792065728455782,real
dataset/val/food/6c5b322ac1ed_烤生蚝.jpg,food,other,0.5849757790565491,0.0012253760360181332,real
dataset/val/food/f018cd2aa443_document_chainyo_rvl-cdip_5_003316_bce33e5ee290.jpg,food,other,0.5831143856048584,0.4886413812637329,real
dataset/val/food/3a1a970a329f_干锅茄子__2_.jpg,food,other,0.5824840068817139,0.011899818666279316,real
dataset/val/food/160c77394331_scene_texture_hf_sun397_76_002592_208143c4fc8b.jpg,food,other,0.582348108291626,0.00827714242041111,real
dataset/val/food/082504f14a20_沸腾黄喉鸡__4__2972C74CDE.jpg,food,other,0.5822123289108276,0.014719662256538868,real
dataset/val/food/6226408fdd99_scene_texture_hf_sun397_352_002920_15d9c30b9a02.jpg,food,other,0.5808776021003723,0.2774766981601715,real
dataset/val/food/0c701fba3ae0_HQ163花甲.jpg,food,other,0.5794658064842224,0.008364787325263023,real
dataset/val/food/c48ab92534ca_natural_object_hf_caltech101_3_000718_e62989f51947.jpg,food,other,0.5780643224716187,0.0018100481247529387,real
dataset/val/food/6368ed29bb97_香煎四宝饼__7_.jpg,food,other,0.576624870300293,0.006888078060001135,real
dataset/val/food/b35bd7fd1381_natural_object_hf_caltech256_167_001331_09088b9fc8a9.jpg,food,other,0.5751233100891113,0.0071245175786316395,real
dataset/val/food/b35bd7fd1381_natural_object_hf_caltech256_167_001331_09088b9fc8a9.jpg,food,other,0.5751233100891113,0.0071245175786316395,real
dataset/val/food/4a820a282884_IMG_20211121_121533.jpg,food,other,0.5747071504592896,0.0004489279817789793,real
dataset/val/food/8b2672fc0130_砂锅土豆粉.jpg,food,other,0.574434757232666,0.013374364003539085,real
dataset/val/food/b2bb5f1dd1d7_亮亮图文旗舰店__41__8953FFCE93.jpg,food,other,0.5740441083908081,0.0027521976735442877,real
dataset/val/food/43ece79c36ba_scene_texture_hf_sun397_342_002020_e025be2daf99.jpg,food,other,0.5738253593444824,0.023966429755091667,real
dataset/val/food/254b2dcbb6d1_document_chainyo_rvl-cdip_4_003379_7a3011b4b468.jpg,food,other,0.5734128355979919,0.4616142809391022,real
dataset/val/food/2c909713133f_document_chainyo_rvl-cdip_4_003651_e9e778059f9a.jpg,food,other,0.5728573203086853,0.09547284990549088,real
dataset/val/food/7dcc8a19cf2a_scene_texture_hf_sun397_343_002703_a8256babbddd.jpg,food,other,0.572393536567688,0.34472566843032837,real
dataset/val/food/8895698c382d_document_chainyo_rvl-cdip_7_003262_bc9e34166e29.jpg,food,other,0.5718092918395996,0.5193279385566711,real
dataset/val/food/120c2a367bd8_爽口生肠.jpg,food,other,0.571496844291687,0.01983140967786312,real
dataset/val/food/9245f8c8bca3_联盟猫旗舰店HQ483-0048金牌吊烧肉.jpg,food,other,0.5712745189666748,0.010726982727646828,real
dataset/val/food/e15cc768f3bd_菠萝山药__5__C78DF35A53.jpg,food,other,0.5706501007080078,0.018290657550096512,real
dataset/val/food/62fc719df63a_natural_object_hf_caltech256_179_001344_7b388aa22d7e.jpg,food,other,0.5702714323997498,0.0036560925655066967,real
dataset/val/food/34deb757fd58_联盟猫旗舰店__9__8ABD49D077.jpg,food,other,0.5699695944786072,0.01659279689192772,real
dataset/val/food/a06032f62288_natural_object_hf_caltech256_12_001774_cd380b0fd23f.jpg,food,other,0.5699360966682434,0.022219911217689514,real
dataset/val/food/fb90d581dc44_松花豆腐__4_.jpg,food,other,0.5693094730377197,0.06874953210353851,real
dataset/val/food/8a1df21286bc_scene_texture_hf_sun397_61_002503_b19c2559cfd1.jpg,food,other,0.5684105157852173,0.010893985629081726,real
dataset/val/food/bc6fce475954_343干锅湘之驴.jpg,food,other,0.568368673324585,0.01672644540667534,real
dataset/val/food/a9a48ba7a2f7_246热干锅花菜.jpg,food,other,0.5680423974990845,0.012682999484241009,real
dataset/val/food/323515513216_YC0565春色牛柳.jpg,food,other,0.567225992679596,0.013930469751358032,real
dataset/val/food/b2b5479cc687_173干锅腊味肥肠38元例.jpg,food,other,0.566784679889679,0.015404815785586834,real
dataset/val/food/a69258cf0ee3_泰奇八宝粥_IMG_20211121_121755.jpg,food,other,0.5666410326957703,0.0018668959382921457,real
dataset/val/food/7db0f6b95114_117干锅田鸡腿.jpg,food,other,0.565983235836029,0.010701634921133518,real
dataset/val/food/f3e186d7a490_YC2355酱香萝卜砣_36BE345E11.jpg,food,other,0.5645779967308044,0.004634966142475605,real
dataset/val/food/65d8ad24c5f0_YC7433香芋龙虾仔.jpg,food,other,0.564384400844574,0.01857767254114151,real
dataset/val/food/f525bf5ebc4d_32干锅小土豆.jpg,food,other,0.5626475811004639,0.005895331501960754,real
dataset/val/food/854f26d5b952_养胃皮蛋瘦肉粥.jpg,food,other,0.5618444681167603,0.029431002214550972,real
dataset/val/food/c5dbd4d1de17_YC1521果蔬龙虾仔.jpg,food,other,0.5615730285644531,0.06443215161561966,real
dataset/val/food/5582808259b5_亮亮图文旗舰店__22__79CD45E0B4.jpg,food,other,0.560204029083252,0.009023967199027538,real
dataset/val/food/b48ed5470fcd_document_chainyo_rvl-cdip_6_003197_4b88ce26bae0.jpg,food,other,0.5586487650871277,0.8269585371017456,real
dataset/val/food/d768978311e4_664特色精品-石锅美蛙.jpg,food,other,0.5584286451339722,0.030583083629608154,real
dataset/val/food/42d9da1276f8_natural_object_hf_caltech256_121_001532_72726aaa4d50.jpg,food,other,0.5576968789100647,0.02521473914384842,real
dataset/val/food/d4cbdfa450b1_document_chainyo_rvl-cdip_5_003260_5528db3e823c.jpg,food,other,0.557515561580658,0.03186213597655296,real
dataset/val/food/f58194e7e2d2_茉莉花炒桃仁.jpg,food,other,0.5554445385932922,0.010307293385267258,real
dataset/val/food/81df9472f2b1_黄瓜汤_91F3C0CEFD.jpg,food,other,0.5544002652168274,0.011311033740639687,real
dataset/val/food/adf261108c16_联盟猫旗舰店1__54_.jpg,food,other,0.5521759986877441,0.009247282519936562,real
dataset/val/food/33f30118741f_natural_object_hf_caltech101_97_000199_e130e5025692.jpg,food,other,0.5506161451339722,0.010809674859046936,real
dataset/val/food/7347af586f3e_宫廷极品炖_309935237D.jpg,food,other,0.5482730865478516,0.04600409418344498,real
dataset/val/food/50689cde1cf5_202汤锅松茸汤锅.jpg,food,other,0.54783034324646,0.018481042236089706,real
dataset/val/food/3fb1c445e707_YC1370宫保鹅肝_82C8A51039.jpg,food,other,0.5442565679550171,0.01132764108479023,real
dataset/val/food/334d2f303818_如意肴肘_AE8063C0F0.jpg,food,other,0.543967604637146,0.07020891457796097,real
dataset/val/food/568a61a69fcb_YC1370宫保鹅肝.jpg,food,other,0.5431443452835083,0.011065030470490456,real
dataset/val/food/e099b5dcfe33_一桶豆腐_77AB2363F8.jpg,food,other,0.5431167483329773,0.02156803011894226,real
dataset/val/food/e768b2227b72_199汤锅美味菌王锅.jpg,food,other,0.5418370962142944,0.009556190110743046,real
dataset/val/food/846623184347_YC6248田园生态肥牛.jpg,food,other,0.5412052869796753,0.029890481382608414,real
dataset/val/food/367dfb77eb9c_214红烧大鲍翅__1.jpg,food,other,0.5398340225219727,0.015518130734562874,real
dataset/val/food/d71ad5cab306_155干锅豆角__18元份.jpg,food,other,0.5394169688224792,0.024506695568561554,real
dataset/val/food/0e3f8f2513b4_姜汁藕片__4__C94F929EB7.jpg,food,other,0.5356310606002808,0.002738183829933405,real
dataset/val/food/0e62a45eb5d3_105怪味猪手煲.jpg,food,other,0.5355697870254517,0.01461757905781269,real
dataset/val/food/8cda5bcaec65_natural_object_hf_caltech256_206_001623_c83cc2a34b99.jpg,food,other,0.5325964689254761,0.0038156721275299788,real
dataset/val/food/d1e1298e332d_IMG_20220108_141951.jpg,food,other,0.5322800278663635,0.0033183377236127853,real
dataset/val/food/cd510d85f7f7_natural_object_hf_caltech101_98_000402_71d7b4b9a8c0.jpg,food,other,0.5317333936691284,0.022549306973814964,real
dataset/val/food/fd7c0fe5412a_scene_texture_hf_sun397_219_002321_3158b7121d68.jpg,food,other,0.5295752286911011,0.009773404337465763,real
dataset/val/food/4c9dd03d1f9a_natural_object_hf_caltech256_232_001401_0cca3c0a85c1.jpg,food,other,0.5295291543006897,0.04395274817943573,real
dataset/val/food/b6a29984633b_scene_texture_hf_sun397_73_002516_f11e4d07bcc8.jpg,food,other,0.5292260050773621,0.020345592871308327,real
dataset/val/food/fb666a797cc4_砂锅米豆腐.jpg,food,other,0.5292256474494934,0.010939174331724644,real
dataset/val/food/51e7267f50e9_大碗丝瓜_A4E62434AE.jpg,food,other,0.5290822386741638,0.007399532478302717,real
dataset/val/food/86ac070ee94c_YC2128吉祥三宝.jpg,food,other,0.5282617211341858,0.059186507016420364,real
dataset/val/food/02212a41ee5e_scene_texture_hf_sun397_346_002562_4ad60747e8c0.jpg,food,other,0.5262730717658997,0.1551222950220108,real
dataset/val/food/41bbcaf503ae_natural_object_hf_caltech101_52_000645_f5f575df35ca.jpg,food,other,0.525163471698761,0.019382581114768982,real
dataset/val/food/2fa5bd2f52f9_natural_object_hf_caltech101_42_000240_6c0b58874039.jpg,food,other,0.52493816614151,0.004003438632935286,real
dataset/val/food/68b51adec8a3_770肉钩鸡_59-份.jpg,food,other,0.5242472290992737,0.005488056689500809,real
dataset/val/food/89955d24d257_联盟猫旗舰店0312__74_.jpg,food,other,0.5241159796714783,0.035897985100746155,real
dataset/val/food/0d1b6106ff7d_一绝脆芹.jpg,food,other,0.5237028002738953,0.009557079523801804,real
dataset/val/food/89bd8556430b_麻油蒜泥.jpg,food,other,0.5232864022254944,0.02350771613419056,real
dataset/val/food/01d242df9827_natural_object_hf_caltech256_51_001704_3b5884e5cfe5.jpg,food,other,0.5225281715393066,0.0029929312877357006,real
dataset/val/food/df7d8a2d8edf_YC8920茶树菇炖土鸡.jpg,food,other,0.5212552547454834,0.01725350320339203,real
dataset/val/food/43dff9fff545_document_chainyo_rvl-cdip_4_003291_c90d78d854e8.jpg,food,other,0.519750714302063,0.7810541391372681,real
dataset/val/food/fdb400712120_natural_object_hf_caltech101_3_000526_04b511545edd.jpg,food,other,0.5192143321037292,0.023839743807911873,real
dataset/val/food/0b58483ce148_document_chainyo_rvl-cdip_12_003289_5c8213f4ab84.jpg,food,other,0.51846843957901,0.13450874388217926,real
dataset/val/food/5ca09ee5c7c5_YC3164芦笋鱼头汤.jpg,food,other,0.5171511173248291,0.02559913694858551,real
dataset/val/food/5fae1c7d4d2c_干锅牛筋_FC6837956C.jpg,food,other,0.5170717835426331,0.005511918570846319,real
dataset/val/food/94f31dec5ea7_154锅底滋补乌鸡.jpg,food,other,0.5165181756019592,0.004291194025427103,real
dataset/val/food/fc58f9bc7556_natural_object_hf_caltech256_210_001124_3af548def38e.jpg,food,other,0.5154105424880981,0.01701725833117962,real
dataset/val/food/43c916b9916f_联盟猫旗舰店HQ483-0161盘龙牛尾.jpg,food,other,0.5140075087547302,0.005872282665222883,real
dataset/val/food/b0de500d6a2b_亮亮图文旗舰店__101__F23B9C80D3.jpg,food,other,0.5125026106834412,0.006822096649557352,real
dataset/val/food/445e8f34872a_亮亮图文旗舰店__46__A2571F7E80.jpg,food,other,0.511613667011261,0.011547792702913284,real
dataset/val/food/5bcbf91ecacd_216布袋牛肉粒.jpg,food,other,0.5100240111351013,0.004530390724539757,real
dataset/val/food/0c247fb0e93f_一桶豆腐.jpg,food,other,0.5095388293266296,0.02060413919389248,real
dataset/val/food/ebd41a2a5719_牛柳石锅拌饭.jpg,food,other,0.5093874335289001,0.006768712308257818,real
dataset/val/food/f25053ef2788_natural_object_hf_caltech101_86_000584_4a26562fab96.jpg,food,other,0.5067412257194519,0.00031084869988262653,real
dataset/val/food/817d6aeead26_铁锅排骨.jpg,food,other,0.5067353248596191,0.01011600997298956,real
dataset/val/food/c54051d9a37b_107青瓜肉碎煮鱼肚.jpg,food,other,0.5064234137535095,0.017532335594296455,real
dataset/val/food/c24380d62995_natural_object_hf_caltech101_53_000050_0f49e4d2b5cf.jpg,food,other,0.5060126185417175,0.008710911497473717,real
dataset/val/food/3882a2fdd0a3_406砂锅牛蹄筋.jpg,food,other,0.5059682726860046,0.025237010791897774,real
dataset/val/food/8464955df174_document_chainyo_rvl-cdip_6_003389_8cef4212631b.jpg,food,other,0.5050613284111023,0.33318832516670227,real
dataset/val/food/0f92bcb07569_联盟猫旗舰店0312__49_.jpg,food,other,0.5038109421730042,0.015774652361869812,real
dataset/val/food/6c5bc116462d_natural_object_hf_caltech101_61_000362_5a7b21700edf.jpg,food,other,0.5033198595046997,0.010202503763139248,real
dataset/val/food/ff3369ba34f1_罐焖百年老卤_07071437B5.jpg,food,other,0.5027898550033569,0.01763206161558628,real
dataset/val/food/b6084979bf04_natural_object_hf_caltech101_31_000816_9503803aa8fd.jpg,food,other,0.5026209950447083,0.07973742485046387,real
dataset/val/food/2d4444e39196_维他奶盒装_IMG_20211121_120511.jpg,food,other,0.5007504820823669,0.09105835855007172,real
dataset/val/food/94d8976ba90f_natural_object_hf_caltech256_202_001371_08764cdc7a14.jpg,food,other,0.5004154443740845,0.04260069504380226,real
dataset/val/food/894311eb8379_115主食-肉蟹八宝饭.jpg,food,other,0.4991919994354248,0.0021786545403301716,real
dataset/val/food/f236ca8f866a_710重庆抄手.jpg,food,other,0.49890515208244324,0.013198901899158955,real
dataset/val/food/56d3fdd2bfd2_natural_object_hf_caltech101_19_000802_5c76ec7e8de0.jpg,food,other,0.49850377440452576,0.014233628287911415,real
dataset/val/food/4740d40bca2d_YC6402五谷杂粮包.jpg,food,other,0.4980965256690979,0.07342153787612915,real
dataset/val/food/c687347deecc_YC2248煎椒鲍鱼仔.jpg,food,other,0.49785518646240234,0.016080496832728386,real
dataset/val/food/6826965d7b34_natural_object_hf_caltech101_33_000028_e803f001f750.jpg,food,other,0.4974789321422577,0.013191891834139824,real
dataset/val/food/4bf224697080_辣白菜.jpg,food,other,0.4954633116722107,0.007792214397341013,real
dataset/val/food/78ea3a070b65_natural_object_hf_caltech256_53_001939_82ecc840a0e5.jpg,food,other,0.49538734555244446,0.24957811832427979,real
dataset/val/food/d369fe275e74_natural_object_hf_caltech101_72_000071_072cb2b68655.jpg,food,other,0.49502894282341003,0.032153304666280746,real
dataset/val/food/d288ac521aea_114主食-肉蟹八宝饭时价.jpg,food,other,0.49494996666908264,0.0021720281802117825,real
dataset/val/food/de945dda87f0_HQ284野生土甲鱼.jpg,food,other,0.4949241578578949,0.029195964336395264,real
dataset/val/food/399e4a7cfc77_643石锅野鳝.jpg,food,other,0.49384805560112,0.003151205601170659,real
dataset/val/food/9447886b8699_聚宝盘.jpg,food,other,0.49347156286239624,0.062376994639635086,real
dataset/val/food/9784c3bd39d9_招牌东坡肉.jpg,food,other,0.4934489130973816,0.01934041827917099,real
dataset/val/food/4b7ec701b21f_YC7964圆笼糯香骨.jpg,food,other,0.49313899874687195,0.032243046909570694,real
dataset/val/food/2503b7e5e718_4792酸辣鲨鱼肚.jpg,food,other,0.4927239716053009,0.006536650937050581,real
dataset/val/food/2b2fa1821c79_好味道牛蛙_A1CD3FEBA0.jpg,food,other,0.4914758503437042,0.12483857572078705,real
dataset/val/food/f4271b607240_26干锅千页豆腐.jpg,food,other,0.4909738302230835,0.017632920295000076,real
dataset/val/food/91ac7677cfcb_natural_object_hf_caltech101_78_000178_02002e617685.jpg,food,other,0.4905863106250763,0.006594686768949032,real
dataset/val/food/13a747df0954_natural_object_hf_caltech101_3_000993_3f60c2f4def5.jpg,food,other,0.4901943802833557,0.06796873360872269,real
dataset/val/food/2f1bf8eaef77_联盟猫旗舰店1__24__6C090A741A.jpg,food,other,0.4884328842163086,0.005188076291233301,real
dataset/val/food/d62099744ef5_木瓜冻鲜奶.jpg,food,other,0.4871286153793335,0.05790432542562485,real
dataset/val/food/7aece027a41c_scene_texture_hf_sun397_82_002142_8f985bce4762.jpg,food,other,0.4862135946750641,0.003683430142700672,real
dataset/val/food/e26991fa20e1_natural_object_hf_caltech256_97_001254_f90626c2118d.jpg,food,other,0.4850703179836273,0.004897154401987791,real
dataset/val/food/85d97e122941_natural_object_hf_caltech101_3_000327_a6ae23e4803e.jpg,food,other,0.48505303263664246,0.0009247246780432761,real
dataset/val/food/0f5d54c3e75a_雪碧300ml_IMG_20211121_114346.jpg,food,other,0.4847363531589508,0.0020166209433227777,real
dataset/val/food/60a9280d3899_document_chainyo_rvl-cdip_6_003533_35ecf5911b2a.jpg,food,other,0.48409125208854675,0.6424497961997986,real
dataset/val/food/2e580a64e961_YC8252仔姜爆鸭丝.jpg,food,other,0.48387736082077026,0.006009488832205534,real
dataset/val/food/87bf7d4b4822_HQ-632银丝扇贝.jpg,food,other,0.48273685574531555,0.02929806150496006,real
dataset/val/food/f5c8f8a31732_natural_object_hf_caltech101_72_000855_272e21cb138f.jpg,food,other,0.4816408157348633,0.036873191595077515,real
dataset/val/food/4a953af1c733_醋泡花生米_FB2D17BF39.jpg,food,other,0.4816369414329529,0.014799507334828377,real
dataset/val/food/da3c40e97c74_联盟猫旗舰店1__39_.jpg,food,other,0.48153337836265564,0.017022203654050827,real
dataset/val/food/6b2fab47b172_YC1397宫保竹荪胎.jpg,food,other,0.4780610501766205,0.006333181634545326,real
dataset/val/food/3f0e4b7402b4_6319烧汁局法国牛舌.jpg,food,other,0.47685694694519043,0.007100709713995457,real
dataset/val/food/f71cf62c8794_natural_object_hf_caltech101_14_000889_94cb3de6958b.jpg,food,other,0.4748246967792511,0.0022972035221755505,real
dataset/val/food/db0bcd8b1f2e_scene_texture_hf_sun397_353_002192_a576391e3564.jpg,food,other,0.47459375858306885,0.1223338171839714,real
dataset/val/food/5fbc17e34d6c_natural_object_hf_caltech256_104_001759_85b6cdd045dd.jpg,food,other,0.47449570894241333,0.007280328776687384,real
dataset/val/food/651a9b0d4d71_芝士年糕.jpg,food,other,0.473095566034317,0.031834911555051804,real
dataset/val/food/51bc3e87a1f5_YC6577鲜椒乌鱼片.jpg,food,other,0.4729924499988556,0.00929220486432314,real
dataset/val/food/21d0a299af88_YC2718净莲小炒肉素_4745E5EBDB.jpg,food,other,0.47188112139701843,0.01489969901740551,real
dataset/val/food/350fe8b67a7c_scene_texture_hf_sun397_78_002809_402e9ca7c060.jpg,food,other,0.47051718831062317,0.035741932690143585,real
dataset/val/food/0a4f2221ecce_HQ053多宝鱼.jpg,food,other,0.47036248445510864,0.03989296779036522,real
dataset/val/food/2db065979982_natural_object_hf_caltech256_100_001259_25ede93f7254.jpg,food,other,0.4701211750507355,0.003203908447176218,real
dataset/val/food/8bd565d78fe2_猪尾珍珠煲.jpg,food,other,0.47007906436920166,0.006421058904379606,real
dataset/val/food/c71eeb7c21bb_324干锅外婆鸡__28.jpg,food,other,0.46951907873153687,0.015162638388574123,real
dataset/val/food/cdcd6d64caad_scene_texture_hf_sun397_350_002494_9c1e514f07ff.jpg,food,other,0.46683934330940247,0.011993256397545338,real
dataset/val/food/c5009785729f_葱花饼1.jpg,food,other,0.46336448192596436,0.0597841776907444,real
dataset/val/food/2b44a354a20c_natural_object_hf_caltech101_91_000873_5fe0108d2d16.jpg,food,other,0.4625593423843384,0.03863294795155525,real
dataset/val/food/2399f6f80623_scene_texture_hf_sun397_340_002629_d5acae1d3abf.jpg,food,other,0.46231329441070557,0.015674298629164696,real
dataset/val/food/f18e92840648_烤腹肉条.jpg,food,other,0.4588237702846527,0.014528087340295315,real
dataset/val/food/e555f89f808e_document_chainyo_rvl-cdip_9_003583_72f371401a48.jpg,food,other,0.4587419331073761,0.3057245910167694,real
dataset/val/food/a7e1cb824ff8_燕塘原味酸奶_IMG_20211121_113129.jpg,food,other,0.45593416690826416,0.023012839257717133,real
dataset/val/food/cc475bdd36c9_natural_object_hf_caltech256_182_001092_0d7bd91cfc62.jpg,food,other,0.4539097547531128,0.012936866842210293,real
dataset/val/food/d4f6aa012e3f_亮亮图文旗舰店1__14__1AFCD67AF7.jpg,food,other,0.45385926961898804,0.03939521685242653,real
dataset/val/food/b2d524b7a141_YC2722镜湖鳝丝.jpg,food,other,0.45004168152809143,0.019132226705551147,real
dataset/val/food/e17e2025d238_干锅酱鸭.jpg,food,other,0.44983550906181335,0.005099133588373661,real
dataset/val/food/cc7866719803_私房浓汤豆腐__5_.jpg,food,other,0.4494468867778778,0.030392400920391083,real
dataset/val/food/237d5221d6f2_natural_object_hf_caltech256_1_001754_b2ff746ea033.jpg,food,other,0.4473823606967926,0.017313508316874504,real
dataset/val/food/b824af3a172b_1025生啫仔鸡煲.jpg,food,other,0.4472711384296417,0.011882376857101917,real
dataset/val/food/cab51335907a_YC0743脆笋小黄牛.jpg,food,other,0.44700706005096436,0.024939488619565964,real
dataset/val/food/b99ad4963b0b_HQ-105多宝鱼时价.jpg,food,other,0.4455467462539673,0.02743392251431942,real
dataset/val/food/32c618c0f4c5_natural_object_hf_caltech256_127_001538_1758f1b27f6b.jpg,food,other,0.4448300302028656,0.3116241991519928,real
dataset/val/food/9cfb948f93b0_亮亮图文旗舰店1__45_.jpg,food,other,0.4434410035610199,0.007786383852362633,real
dataset/val/food/376ac406d26c_干锅莴笋__2_.jpg,food,other,0.44288328289985657,0.010141635313630104,real
dataset/val/food/e1d3ca05378f_YC1963火爆鱿鱼卷.jpg,food,other,0.4426760673522949,0.01153455302119255,real
dataset/val/food/e8f7b55af398_document_chainyo_rvl-cdip_7_003070_042dbe864007.jpg,food,other,0.4350736439228058,0.5374317169189453,real
dataset/val/food/8727de710e88_双色橄榄鱼.jpg,food,other,0.43422868847846985,0.011874575167894363,real
dataset/val/food/43eaa2ecb22c_306干锅香肉串_28_10.jpg,food,other,0.43392810225486755,0.014939792454242706,real
dataset/val/food/d08fd0a92e07_生嗜深海鱼头__2_.jpg,food,other,0.4337948262691498,0.0062356069684028625,real
dataset/val/food/cd433ce47093_natural_object_hf_caltech256_134_001039_bf0198e24e72.jpg,food,other,0.43096819519996643,0.006947449408471584,real
dataset/val/food/4e258ce000d3_scene_texture_hf_sun397_6_002351_9ca59adf2c54.jpg,food,other,0.4293796420097351,0.019820714369416237,real
dataset/val/food/4a21e85178cd_瑶柱排骨煲节瓜_34C84FE301.jpg,food,other,0.4292161762714386,0.028589751571416855,real
dataset/val/food/910699b47e6c_548丸杂面.jpg,food,other,0.42921486496925354,0.0218497347086668,real
dataset/val/food/7906d8148d01_157锅双味锅.jpg,food,other,0.4280480742454529,0.017452916130423546,real
dataset/val/food/c486e54e99e2_natural_object_hf_caltech256_115_001769_6a12b85430e7.jpg,food,other,0.4278935492038727,0.004002602305263281,real
dataset/val/food/7cc0fd556cd3_scene_texture_hf_sun397_80_002597_595fd3c13b6b.jpg,food,other,0.42668476700782776,0.02304014563560486,real
dataset/val/food/a6e04e5cb4dd_document_chainyo_rvl-cdip_6_003245_e45033434755.jpg,food,other,0.4246264696121216,0.8001019954681396,real
dataset/val/food/6089d9cc0092_natural_object_hf_caltech256_34_001438_7d8b4fee6995.jpg,food,other,0.42416414618492126,0.0027728674467653036,real
dataset/val/food/08b298e5ac70_natural_object_hf_caltech256_256_001674_7e8818b19824.jpg,food,other,0.4228869080543518,0.022987332195043564,real
dataset/val/food/731a873baaa2_HQ-678扇贝生蚝.jpg,food,other,0.42153146862983704,0.02693660743534565,real
dataset/val/food/5ae633a0526c_natural_object_hf_caltech101_86_000187_edb8cf5f0afe.jpg,food,other,0.41664716601371765,0.004891993943601847,real
dataset/val/food/6ac054c94c75_IMG_20211121_112431.jpg,food,other,0.41232627630233765,0.27107542753219604,real
dataset/val/food/a2320e62d63e_YC4075炝锅鱼.jpg,food,other,0.4122549295425415,0.02630939707159996,real
dataset/val/food/bda7826c967d_natural_object_hf_caltech101_98_000200_3a5f20a16fad.jpg,food,other,0.4117780923843384,0.04979585111141205,real
dataset/val/food/eb4c9d43a803_联盟猫旗舰店0312__72_.jpg,food,other,0.40743669867515564,0.010982068255543709,real
dataset/val/food/4ea438fec53e_浓汤黄辣丁.jpg,food,other,0.40686464309692383,0.047346681356430054,real
dataset/val/food/6ba797b15512_natural_object_hf_caltech256_77_001965_41fc55fc8e81.jpg,food,other,0.40669333934783936,0.014946622774004936,real
dataset/val/food/471f207dbfea_青蟹河虾煲粥.jpg,food,other,0.40636134147644043,0.041275423020124435,real
dataset/val/food/ba7b6484a934_scene_texture_hf_sun397_71_002364_673c779804ee.jpg,food,other,0.40619659423828125,0.11464843899011612,real
dataset/val/food/cbdd6e554b80_亮亮图文旗舰店__6__970683C25D.jpg,food,other,0.4048135578632355,0.01913347654044628,real
dataset/val/food/40bfb92725f0_韭菜鸡蛋栲栳栳__3_.jpg,food,other,0.40463343262672424,0.013299405574798584,real
dataset/val/food/7a49bfbef400_scene_texture_hf_sun397_354_002644_bec55a96721d.jpg,food,other,0.40434011816978455,0.019108835607767105,real
dataset/val/food/1395aca9c8af_scene_texture_hf_sun397_81_002141_6b40815792d3.jpg,food,other,0.4010057747364044,0.02033483237028122,real
dataset/val/food/39d651c5b48d_YC2547金沙培根肉_37CA624EAD.jpg,food,other,0.39934399724006653,0.01203647255897522,real
dataset/val/food/27afcd0f02b8_黄金黑米糕.jpg,food,other,0.39931535720825195,0.0026277045253664255,real
dataset/val/food/0bddbc4ed97a_YC7123外婆菜煸鳝鱼.jpg,food,other,0.3981010317802429,0.0060044266283512115,real
dataset/val/food/e732108c05e0_17蒜泥油碗.jpg,food,other,0.3955938220024109,0.007189749740064144,real
dataset/val/food/72f73d7c27b0_星州炒米粉.jpg,food,other,0.3945099115371704,0.0047157141380012035,real
dataset/val/food/b7c1a04a46bf_scene_texture_hf_sun397_8_002218_17207b6857d6.jpg,food,other,0.3925028145313263,0.012767389416694641,real
dataset/val/food/d5b9325e0811_五彩鲍丝.jpg,food,other,0.3906765580177307,0.002705574268475175,real
dataset/val/food/4630065cc79c_YC8324滋味牛柳.jpg,food,other,0.3882687985897064,0.05043867975473404,real
dataset/val/food/388470df4827_natural_object_hf_caltech101_26_000810_30c8f190750e.jpg,food,other,0.3868563175201416,0.0009368262253701687,real
dataset/val/food/6bbd3d15d3b5_雪菜肉丝炒毛豆.jpg,food,other,0.3860965371131897,0.021495936438441277,real
dataset/val/food/bf677e95e942_蟹粉豆腐1_64F29917F4.jpg,food,other,0.3833788335323334,0.03203258290886879,real
dataset/val/food/3fe67473de29_大丰收_1__761D92C4F6.jpg,food,other,0.3817484676837921,0.07461287826299667,real
dataset/val/food/d3c46f20e2e4_鲜花竹笙__3_.jpg,food,other,0.3799668848514557,0.01687307469546795,real
dataset/val/food/b2e428fc47f2_南瓜粥6.jpg,food,other,0.3796800971031189,0.012777525931596756,real
dataset/val/food/5aba9b2e1565_小碗蒸红烧猪蹄_DC2D2BBD2A.jpg,food,other,0.37954479455947876,0.008588680997490883,real
dataset/val/food/15ed1d396691_小炒野山菌.jpg,food,other,0.37830498814582825,0.021749641746282578,real
dataset/val/food/98248bf3b20b_natural_object_hf_caltech256_132_001788_faac00b6f956.jpg,food,other,0.3778523802757263,0.016669947654008865,real
dataset/val/food/d5e593db30c9_YC4295泉水鸡杂.jpg,food,other,0.37749505043029785,0.06789476424455643,real
dataset/val/food/49e9e5a580bf_50干锅千叶豆腐.jpg,food,other,0.37736865878105164,0.027311505749821663,real
dataset/val/food/d1fed3241204_YC979蕃茄墨鱼丸.jpg,food,other,0.37574827671051025,0.009289974346756935,real
dataset/val/food/cd2969ea7b5b_黄瓜干炒鸡蛋__1_.jpg,food,other,0.37420225143432617,0.002234661253169179,real
dataset/val/food/f97fd0a50317_scene_texture_hf_sun397_340_002771_7be6e5f29c4e.jpg,food,other,0.3713333010673523,0.013892112299799919,real
dataset/val/food/7bf7f58e594f_document_chainyo_rvl-cdip_7_003614_808f8597342b.jpg,food,other,0.3703385591506958,0.21958032250404358,real
dataset/val/food/789c2eda0175_natural_object_hf_caltech256_255_001426_a8f8c038eecd.jpg,food,other,0.3700686991214752,0.0067675295285880566,real
dataset/val/food/9eb881d1a656_联盟猫旗舰店1__31__DF9DFED48A.jpg,food,other,0.36908453702926636,0.04375121742486954,real
dataset/val/food/f0709ebe5f99_蜜粽香栗__8_.jpg,food,other,0.3684130311012268,0.011859182268381119,real
dataset/val/food/9b44aaff1858_YC1745鸿运当头-.jpg,food,other,0.3675091564655304,0.016498446464538574,real
dataset/val/food/cd682203a841_YC0991翡翠白玉.jpg,food,other,0.3670974373817444,0.02705865353345871,real
dataset/val/food/6b88267d8f54_scene_texture_hf_sun397_224_002478_214bfb77c62f.jpg,food,other,0.3665122985839844,0.009399491362273693,real
dataset/val/food/beec32b3d811_YC5067山椒土豆丝副本.jpg,food,other,0.3661995530128479,0.013133632950484753,real
dataset/val/food/2b05a0a7f581_YC3363美极尖椒爆鸭掌.jpg,food,other,0.36370131373405457,0.007992802187800407,real
dataset/val/food/a9208d41f426_scene_texture_hf_sun397_75_002591_9f5bfa500bc6.jpg,food,other,0.3636434078216553,0.13535793125629425,real
dataset/val/food/97b68389e7c0_scene_texture_hf_sun397_8_002059_d064b88e47cc.jpg,food,other,0.3606278598308563,0.05454295128583908,real
dataset/val/food/43cd87221de8_scene_texture_hf_sun397_339_002176_50c990b86010.jpg,food,other,0.36054688692092896,0.02376542054116726,real
dataset/val/food/e9e63e767ad5_natural_object_hf_caltech256_125_001536_2e9d5fe7ac8c.jpg,food,other,0.3599788546562195,0.03333360329270363,real
dataset/val/food/c8b0ec35c345_scene_texture_hf_sun397_83_002063_81b0c64a9ab0.jpg,food,other,0.35950279235839844,0.014775264076888561,real
dataset/val/food/c9e1262057a1_document_chainyo_rvl-cdip_4_003043_40135bbfbefa.jpg,food,other,0.35943612456321716,0.7615519762039185,real
dataset/val/food/644e9cb779d7_蒸红薯_5C2FF0FD51.jpg,food,other,0.35760438442230225,0.018053332343697548,real
dataset/val/food/6eede0c3b892_scene_texture_hf_sun397_337_002479_0eb3f22e6346.jpg,food,other,0.35756099224090576,0.03315217047929764,real
dataset/val/food/7aa4c4f33612_佛跳墙.jpg,food,other,0.35637256503105164,0.041210390627384186,real
dataset/val/food/bca4e74bd913_352粤-椰奶炖燕窝组合.jpg,food,other,0.35472068190574646,0.010211999528110027,real
dataset/val/food/b5ae2654bfb8_natural_object_hf_caltech101_23_000118_1b2ac3eba27e.jpg,food,other,0.3545711934566498,0.008671622723340988,real
dataset/val/food/0384ea84a92d_蜂蜜柠檬气泡酒_IMG_20211121_115547.jpg,food,other,0.3538041114807129,0.0006096494616940618,real
dataset/val/food/fbacdcd344ce_哈根达斯三色__3__5A35C0C4DC.jpg,food,other,0.35321244597435,0.0442856028676033,real
dataset/val/food/4ace4411107b_YC5124山珍-竹花炒土鸡蛋.jpg,food,other,0.35252708196640015,0.0009669781429693103,real
dataset/val/food/2102fc4d4774_6712丝瓜烩鲜鲍.jpg,food,other,0.3516501188278198,0.04499783366918564,real
dataset/val/food/9eb9c0c3d0bb_粉丝双宝.jpg,food,other,0.35162869095802307,0.05682208016514778,real
dataset/val/food/191c71ff1415_酸辣蕨根粉_1_.jpg,food,other,0.35158872604370117,0.010143809020519257,real
dataset/val/food/c6a73c4aefbb_极品海参皇__2_.jpg,food,other,0.350882887840271,0.00335522904060781,real
dataset/val/food/8b1453b6ee84_YC1225干豆角炒腊味_E2F11EED80.jpg,food,other,0.3502272367477417,0.0053674643859267235,real
dataset/val/food/2d9567be0eae_natural_object_hf_caltech256_182_001348_07cb7d78bfca.jpg,food,other,0.34842872619628906,0.01598510518670082,real
dataset/val/food/b51fa287d124_natural_object_hf_caltech256_46_001932_f85caac1e82e.jpg,food,other,0.3458417057991028,0.11048420518636703,real
dataset/val/food/52977f6f164e_scene_texture_hf_sun397_354_002348_fcbb7ded2245.jpg,food,other,0.3438984155654907,0.061795707792043686,real
dataset/val/food/f8faf7bae8d9_natural_object_hf_caltech256_99_001507_0b637c6ac38e.jpg,food,other,0.34286147356033325,0.027151113376021385,real
dataset/val/food/c4ab93fbd39b_natural_object_hf_caltech256_203_001372_90f7cb4b6cf2.jpg,food,other,0.34285810589790344,0.15277351438999176,real
dataset/val/food/6d05c431da8b_雪碧300ml_IMG_20211121_114555.jpg,food,other,0.3427431285381317,0.008597113192081451,real
dataset/val/food/bb464afb5273_natural_object_hf_caltech256_175_001589_41ce97f0f6ec.jpg,food,other,0.34048759937286377,0.15989235043525696,real
dataset/val/food/77b59dee9f4b_scene_texture_hf_sun397_353_002497_2072dcfc40eb.jpg,food,other,0.34037089347839355,0.4572429358959198,real
dataset/val/food/d71e52c9fe5d_natural_object_hf_caltech256_225_001877_54fd159b823d.jpg,food,other,0.33985257148742676,0.10211272537708282,real
dataset/val/food/1fe492838b52_蜂蜜柠檬气泡酒_IMG_20211121_115656.jpg,food,other,0.33962658047676086,0.0018795799696817994,real
dataset/val/food/11058a0fd808_natural_object_hf_caltech101_12_000308_84fba31a6e94.jpg,food,other,0.33953171968460083,0.004354680422693491,real
dataset/val/food/fbf725aefa62_鹿唇调油麦菜.jpg,food,other,0.3376619815826416,0.02802099846303463,real
dataset/val/food/e313c2d08221_木瓜血燕.jpg,food,other,0.335960328578949,0.005711393430829048,real
dataset/val/food/e940c345cd6e_豆制拼盘_A1C2CFE8EE.jpg,food,other,0.33548688888549805,0.007640951778739691,real
dataset/val/food/d492f2fc3cfa_153鲍翅海味龙虾浓汤.jpg,food,other,0.3341848850250244,0.007100642658770084,real
dataset/val/food/7bc42ab05a47_scene_texture_hf_sun397_74_002367_5b5a97753edb.jpg,food,other,0.3335956335067749,0.13387659192085266,real
dataset/val/food/77a3fa4be721_natural_object_hf_caltech256_46_001698_68e26b44d522.jpg,food,other,0.3315109610557556,0.20628602802753448,real
dataset/val/food/8a52ccc33fbe_317鲜人参炖鳄鱼掌.jpg,food,other,0.33011892437934875,0.033621035516262054,real
dataset/val/food/c4daa6bec045_natural_object_hf_caltech256_113_001523_e8ae49b8bb2c.jpg,food,other,0.3272436857223511,0.009645460173487663,real
dataset/val/food/ace7a279886e_冻豆腐_339659B1E7.jpg,food,other,0.32647815346717834,0.03975788131356239,real
dataset/val/food/85651a24f1a6_document_chainyo_rvl-cdip_6_003293_42a0712bd724.jpg,food,other,0.3264058828353882,0.5274849534034729,real
dataset/val/food/2654b5947abd_scene_texture_hf_sun397_9_002892_6cdb5510afd3.jpg,food,other,0.32609766721725464,0.21952764689922333,real
dataset/val/food/d2489f2bf4f8_document_chainyo_rvl-cdip_5_003052_42ce9db46b26.jpg,food,other,0.32532408833503723,0.6391698122024536,real
dataset/val/food/6210e8cee9b6_natural_object_hf_caltech101_31_000430_dd1b6d58dbdc.jpg,food,other,0.32390010356903076,0.05017567053437233,real
dataset/val/food/fa9d1019b269_YC2020藿香土豆丝_BD2B654777.jpg,food,other,0.32302728295326233,0.009822646155953407,real
dataset/val/food/50dd15dd0bad_document_chainyo_rvl-cdip_5_003508_28d8f9767ff9.jpg,food,other,0.31964725255966187,0.34047240018844604,real
dataset/val/food/bf2f96110da6_碳竹焗鹿肉.jpg,food,other,0.31956008076667786,0.04196178540587425,real
dataset/val/food/d5c876d86d22_natural_object_hf_caltech101_34_000998_5e4b71b5bf04.jpg,food,other,0.3192571699619293,0.016618920490145683,real
dataset/val/food/0d64ee482c21_东坡酒焖肉__3_.jpg,food,other,0.31924232840538025,0.007057590410113335,real
dataset/val/food/edeebc4e26dc_natural_object_hf_caltech256_139_001044_f6ce153a75be.jpg,food,other,0.3190436065196991,0.006270113866776228,real
dataset/val/food/0174d2a492f7_document_chainyo_rvl-cdip_0_003016_c27c8c729a37.jpg,food,other,0.31893032789230347,0.44493967294692993,real
dataset/val/food/5cacdf26cdd3_natural_object_hf_caltech256_138_001549_064840bafff3.jpg,food,other,0.3171137273311615,0.01688118278980255,real
dataset/val/food/e81f605bddd6_香芋捞笋丝.jpg,food,other,0.31702470779418945,0.00936252623796463,real
dataset/val/food/3842abe2f2ec_document_chainyo_rvl-cdip_6_003509_ed3b0b5f874d.jpg,food,other,0.3167741000652313,0.658124566078186,real
dataset/val/food/30d022dc2d23_natural_object_hf_caltech256_154_001810_447237f3df64.jpg,food,other,0.3140157461166382,0.011279774829745293,real
dataset/val/food/1e9b8bc518bb_scene_texture_hf_sun397_73_002132_fff1d8fea8ac.jpg,food,other,0.31354695558547974,0.03484806418418884,real
dataset/val/food/3f808f550edc_意式海鲜面.jpg,food,other,0.3113073706626892,0.031323838979005814,real
dataset/val/food/ab1b41f95347_YC4803热-生态三鲜_FD4526835A.jpg,food,other,0.3098424971103668,0.011819295585155487,real
dataset/val/food/e56b440a626c_奶盐味苏打饼干_IMG_20211121_122344.jpg,food,other,0.3085770308971405,0.013651177287101746,real
dataset/val/food/2a03a58a2480_IMG_06_54_32_846172de239048f75d.jpg,food,other,0.30831360816955566,0.03253944218158722,real
dataset/val/food/1b874762a28c_YC6968小椒牛柳.jpg,food,other,0.3073258399963379,0.012380123138427734,real
dataset/val/food/3c4f5d9fd04d_natural_object_hf_caltech256_4_001444_04dc1404d469.jpg,food,other,0.3067026138305664,0.0036723099183291197,real
dataset/val/food/970db2a25277_干锅土鱿丝__1_.jpg,food,other,0.30402249097824097,0.02972957119345665,real
dataset/val/food/74a6bd8d48b2_YC6630鲜桃仁木耳炒山药.jpg,food,other,0.3039434850215912,0.019108256325125694,real
dataset/val/food/3cca178ec680_natural_object_hf_caltech101_99_000881_707ba3296e32.jpg,food,other,0.3022317886352539,0.777750551700592,real
dataset/val/food/dcdebbea3db9_natural_object_hf_caltech256_42_001194_b2ebc667aae0.jpg,food,other,0.3020404577255249,0.0008022682159207761,real
dataset/val/food/4bf0f82983df_scene_texture_hf_sun397_62_002040_925624f0d1b2.jpg,food,other,0.29749414324760437,0.06818891316652298,real
dataset/val/food/36929deeb893_natural_object_hf_caltech256_206_001119_455b8f153d3f.jpg,food,other,0.2971649169921875,0.21489159762859344,real
dataset/val/food/80e53a610239_scene_texture_hf_sun397_352_002569_3e53d818b5de.jpg,food,other,0.296629399061203,0.04855021461844444,real
dataset/val/food/0f1d47b845e3_natural_object_hf_caltech256_179_001834_a99ef28fb6d7.jpg,food,other,0.29583632946014404,0.0067270793952047825,real
dataset/val/food/e109939a5852_亮亮图文旗舰店__94__996772A642.jpg,food,other,0.29275378584861755,0.044277824461460114,real
dataset/val/food/3348a2140fe2_芝士酥皮银鳕鱼.jpg,food,other,0.29262956976890564,0.003742357948794961,real
dataset/val/food/b9a9f5300aed_natural_object_hf_caltech256_245_001162_a2a03db6d912.jpg,food,other,0.28876492381095886,0.2723301649093628,real
dataset/val/food/24c0ac1ed959_natural_object_hf_caltech256_211_001865_4f67c8c2af5d.jpg,food,other,0.28784528374671936,0.013513180427253246,real
dataset/val/food/b3924f1f4d10_酱焗鳕鱼赛螃蟹.jpg,food,other,0.2875026762485504,0.020021308213472366,real
dataset/val/food/3d3dd4b7f2a3_natural_object_hf_caltech101_26_000989_2c0a0cfc880c.jpg,food,other,0.2873937785625458,0.005886041559278965,real
dataset/val/food/0c60c1a92b8d_YC0654粗粮荞面包.jpg,food,other,0.28659120202064514,0.036013536155223846,real
dataset/val/food/7d91bbde6c07_scene_texture_hf_sun397_91_002152_ec4b88ca7b11.jpg,food,other,0.284839391708374,0.0026741349138319492,real
dataset/val/food/448cea4c9bc3_卤水金钱肚_DE091F6A7B.jpg,food,other,0.2836289703845978,0.007083142641931772,real
dataset/val/food/8749f05ba6e5_HQ029长江清波.jpg,food,other,0.28349950909614563,0.031241441145539284,real
dataset/val/food/89c0cd0ae399_蒜片乳瓜VS樱桃萝卜.jpg,food,other,0.2831919491291046,0.0206952802836895,real
dataset/val/food/256dc97d2590_泰椒__4_.jpg,food,other,0.27902793884277344,0.012741060927510262,real
dataset/val/food/c75f9207b894_natural_object_hf_caltech101_75_000175_639606c14839.jpg,food,other,0.27875685691833496,0.10945011675357819,real
dataset/val/food/8e8a405ac40a_146罐罐饺子__18位.jpg,food,other,0.27818557620048523,0.030521318316459656,real
dataset/val/food/efbfc75dad9b_scene_texture_hf_sun397_76_002736_ab1f5a1e3262.jpg,food,other,0.2766786217689514,0.008988839574158192,real
dataset/val/food/4702f7b8b4e7_YC843冬笋烧老鸭.jpg,food,other,0.2749843895435333,0.010205600410699844,real
dataset/val/food/eeebf76173dd_scene_texture_hf_sun397_80_002812_19c60fd31731.jpg,food,other,0.2688691318035126,0.008076800964772701,real
dataset/val/food/8b224ad1dc29_natural_object_hf_caltech256_230_001399_441bc23f1945.jpg,food,other,0.2624143064022064,0.012922553345561028,real
dataset/val/food/5098d0734ce9_795剁椒土豆丝_10元.jpg,food,other,0.26037320494651794,0.015014739707112312,real
dataset/val/food/09d1a02a1254_HQ-711-龙虾.jpg,food,other,0.2570221722126007,0.0244000144302845,real
dataset/val/food/9e6fd05ec3ed_natural_object_hf_caltech256_134_001295_b653091e4c95.jpg,food,other,0.2568534016609192,0.007394088432192802,real
dataset/val/food/5970b10b88a7_document_chainyo_rvl-cdip_0_003424_4216b1c3dc01.jpg,food,other,0.25685176253318787,0.8338149785995483,real
dataset/val/food/6da2c6daaa98_scene_texture_hf_sun397_98_002238_40f3f4f8dd95.jpg,food,other,0.25362130999565125,0.0064900461584329605,real
dataset/val/food/76f66a675434_乳瓜沾酱_02D5D8E7FC.jpg,food,other,0.2529035210609436,0.006753853987902403,real
dataset/val/food/c29e4a1c8599_橘露汤圆.jpg,food,other,0.2523343861103058,0.01994398981332779,real
dataset/val/food/b69a3cebd6a9_document_chainyo_rvl-cdip_9_003471_c1d7dcd9321f.jpg,food,other,0.2510306239128113,0.38417357206344604,real
dataset/val/food/f12fbc368e99_HQ194老虎鱼.jpg,food,other,0.24959860742092133,0.011434643529355526,real
dataset/val/food/98fbaacdb540_虎皮肉焖鲍鱼__4_.jpg,food,other,0.249060720205307,0.020039521157741547,real
dataset/val/food/e5a1be2c8fd1_scene_texture_hf_sun397_77_002520_63a5f5d4cccf.jpg,food,other,0.24840199947357178,0.0029496117495000362,real
dataset/val/food/0eadf3cb2a8a_scene_texture_hf_sun397_71_002440_5e77798c0fe2.jpg,food,other,0.2469058632850647,0.01712784357368946,real
dataset/val/food/579ee3b66e66_document_chainyo_rvl-cdip_9_003631_ed37285e55eb.jpg,food,other,0.24646078050136566,0.30075550079345703,real
dataset/val/food/2b5d49a62e57_document_chainyo_rvl-cdip_3_003386_d5dad0a7530f.jpg,food,other,0.24642066657543182,0.05400905758142471,real
dataset/val/food/a6f9c06c20e7_natural_object_hf_caltech101_11_000698_d4a3d735011c.jpg,food,other,0.2430133819580078,0.21013328433036804,real
dataset/val/food/ad89155906a1_干妈豆芽豆干_47874AEAC3.jpg,food,other,0.24258340895175934,0.010912313126027584,real
dataset/val/food/37726a9e4d09_natural_object_hf_caltech101_94_000398_6440c3f15e89.jpg,food,other,0.24139758944511414,0.16837041079998016,real
dataset/val/food/c0b48ddd30ae_招财笑脸饼.jpg,food,other,0.2412908524274826,0.00760751822963357,real
dataset/val/food/9183d4d47eae_natural_object_hf_caltech101_80_000383_c5800c0a8197.jpg,food,other,0.23969891667366028,0.013063203543424606,real
dataset/val/food/53515650d731_scene_texture_hf_sun397_353_002921_a26e65e9230d.jpg,food,other,0.23922766745090485,0.19449222087860107,real
dataset/val/food/5428154b6933_联盟猫旗舰店HQ483-0089漓江飘香鱼.jpg,food,other,0.23739513754844666,0.007585607469081879,real
dataset/val/food/bf479e763819_联盟猫旗舰店__40_.jpg,food,other,0.23683032393455505,0.027828287333250046,real
dataset/val/food/a005bdb5b213_natural_object_hf_caltech101_52_000049_e53de9c3b0fc.jpg,food,other,0.2366572767496109,0.022859295830130577,real
dataset/val/food/58a1aa7103b7_小米椒爱小公鸡_CEFCD0FBB9.jpg,food,other,0.23612406849861145,0.01514006033539772,real
dataset/val/food/60b5df9911cb_natural_object_hf_caltech256_83_001970_781d93bae75a.jpg,food,other,0.23042985796928406,0.09551011770963669,real
dataset/val/food/4f1be97bae6d_natural_object_hf_caltech256_205_001622_82dfa2a00c1e.jpg,food,other,0.23034881055355072,0.1201833188533783,real
dataset/val/food/01a6ba917b9c_双味山药.jpg,food,other,0.22890658676624298,0.05786212161183357,real
dataset/val/food/ac7582ea5dc4_scene_texture_hf_sun397_218_002001_a65eb2d96fec.jpg,food,other,0.22536247968673706,0.02659081108868122,real
dataset/val/food/c2693354798f_natural_object_hf_caltech101_100_000697_0d8895dd4a02.jpg,food,other,0.22445958852767944,0.017686225473880768,real
dataset/val/food/b9f9e592294e_natural_object_hf_caltech256_47_001699_c473c57f2ad1.jpg,food,other,0.22382456064224243,0.04134219512343407,real
dataset/val/food/113b5fb3e314_natural_object_hf_caltech256_107_001009_af41e3948929.jpg,food,other,0.2228272259235382,0.044385842978954315,real
dataset/val/food/63e5ffa07326_YC6548鲜椒牛蛙.jpg,food,other,0.22147446870803833,0.01348825916647911,real
dataset/val/food/c20c16641a17_natural_object_hf_caltech101_23_000711_ebc65755c964.jpg,food,other,0.22098061442375183,0.019865769892930984,real
dataset/val/food/751c12ea65cf_natural_object_hf_caltech256_11_001519_945c5a3e77a6.jpg,food,other,0.22021275758743286,0.0029948570299893618,real
dataset/val/food/da83fba341ba_HQ刺身肥牛__6_.jpg,food,other,0.220196932554245,0.03565814718604088,real
dataset/val/food/4d553052f317_scene_texture_hf_sun397_76_002135_a4b07c6d48e5.jpg,food,other,0.21995452046394348,0.032007087022066116,real
dataset/val/food/96c89eb4da74_IMG_12_06_38_742172da717639f697.jpg,food,other,0.21938751637935638,0.04835819453001022,real
dataset/val/food/4324841a78e7_scene_texture_hf_sun397_82_002950_b4183ef20b0b.jpg,food,other,0.21916736662387848,0.4384445250034332,real
dataset/val/food/418a2b6857ca_YC3062雷笋肚丝_326C4B3D43.jpg,food,other,0.21713104844093323,0.024865569546818733,real
dataset/val/food/c875a22c6ae1_联盟猫旗舰店1__18__ECADDCDBCA.jpg,food,other,0.21675913035869598,0.030300116166472435,real
dataset/val/food/2c979f297ba4_scene_texture_hf_sun397_94_002756_896de529514a.jpg,food,other,0.21542836725711823,0.03471141681075096,real
dataset/val/food/d583a2d72c7b_scene_texture_hf_sun397_75_002518_89aad6d3d3cc.jpg,food,other,0.2150740772485733,0.05527493357658386,real
dataset/val/food/852720089a8a_酱香脆萝卜_0B37FDF283.jpg,food,other,0.21409183740615845,0.01305743120610714,real
dataset/val/food/e6d148ed3d11_300燕鲍翅-滋补炖鲜鲍.jpg,food,other,0.2137639820575714,0.01371604111045599,real
dataset/val/food/f619048c8a88_natural_object_hf_caltech101_49_000045_20a7d1052da6.jpg,food,other,0.213443323969841,0.010737411677837372,real
dataset/val/food/75976439d4c4_natural_object_hf_caltech256_162_001070_6e7c4273b50b.jpg,food,other,0.21319462358951569,0.015826009213924408,real
dataset/val/food/acf88d1ac19c_颚.jpg,food,other,0.21301934123039246,0.0459066703915596,real
dataset/val/food/8df210639278_natural_object_hf_caltech256_88_001742_05fdfc222e5e.jpg,food,other,0.2115539014339447,0.028449827805161476,real
dataset/val/food/d8fb8f608750_红煨沙鱼皮__3__62D4E47FEA.jpg,food,other,0.20921483635902405,0.017155244946479797,real
dataset/val/food/58191bbc66cc_泡菜粉丝汤.jpg,food,other,0.2084532380104065,0.03418022394180298,real
dataset/val/food/9a9f343698c3_燕塘甜牛奶_IMG_20211121_113954.jpg,food,other,0.20812375843524933,0.024700399488210678,real
dataset/val/food/5668edc7635a_natural_object_hf_caltech256_181_001091_654b00482785.jpg,food,other,0.2060139924287796,0.04561767354607582,real
dataset/val/food/17d4be426ea7_natural_object_hf_caltech256_96_001504_dbc4436775ff.jpg,food,other,0.2042110115289688,0.013693186454474926,real
dataset/val/food/9c4e55d70704_scene_texture_hf_sun397_349_002027_896024a25e15.jpg,food,other,0.20156604051589966,0.027729680761694908,real
dataset/val/food/b10e944c6103_document_chainyo_rvl-cdip_0_003360_04babf3fb9ea.jpg,food,other,0.20112699270248413,0.7361136674880981,real
dataset/val/food/fb3451ee4274_document_chainyo_rvl-cdip_5_003276_08ded5ee25e1.jpg,food,other,0.1991601437330246,0.3261620104312897,real
dataset/val/food/07138b3e0319_联盟猫旗舰店1__158_.jpg,food,other,0.19764383137226105,0.026691993698477745,real
dataset/val/food/295cf13900fc_scene_texture_hf_sun397_6_002117_b463a001ec5d.jpg,food,other,0.19689565896987915,0.07725048065185547,real
dataset/val/food/73c4fb7ab729_椰汁双色布丁_20220108144749.jpg,food,other,0.19531512260437012,0.005996753461658955,real
dataset/val/food/ccd9a136ac1d_natural_object_hf_caltech256_18_001345_86480815454c.jpg,food,other,0.19452562928199768,0.08969110250473022,real
dataset/val/food/1803a60723e3_联盟猫旗舰店1__20__7DAAB93C25.jpg,food,other,0.19329054653644562,0.007210736628621817,real
dataset/val/food/a9a8a29d9596_东北开胃木耳__5__8FCA863474.jpg,food,other,0.19193974137306213,0.025861328467726707,real
dataset/val/food/1ff635614c57_钢盆牛蛙.jpg,food,other,0.18996202945709229,0.14852137863636017,real
dataset/val/food/f4a9aa51bb1c_natural_object_hf_caltech101_92_000963_2b74b6c8dc97.jpg,food,other,0.1897919774055481,0.03202424943447113,real
dataset/val/food/8e71eb8c6eec_scene_texture_hf_sun397_340_002841_8c5db1f61c69.jpg,food,other,0.18780164420604706,0.015225483104586601,real
dataset/val/food/3190f9a83d63_natural_object_hf_caltech256_164_001577_886efb9f96dd.jpg,food,other,0.18476639688014984,0.006525410804897547,real
dataset/val/food/b3fedb8ea114_natural_object_hf_caltech101_5_000450_89cc52d2df4a.jpg,food,other,0.1841685175895691,0.3729735016822815,real
dataset/val/food/fb99bc52a625_natural_object_hf_caltech256_257_001675_0056c355940e.jpg,food,other,0.18325847387313843,0.04077320918440819,real
dataset/val/food/9b4dbed08540_scene_texture_hf_sun397_60_002648_b8bfe71c8026.jpg,food,other,0.18056714534759521,0.1215662732720375,real
dataset/val/food/ae7a9b886928_YC3485米凉粉烧鲍鱼仔_C561F31DCD.jpg,food,other,0.18039238452911377,0.07288915663957596,real
dataset/val/food/9f4f7dc19f4c_奶盐味苏打饼干_IMG_20211121_122313.jpg,food,other,0.1795191466808319,0.011428004130721092,real
dataset/val/food/8c540ce0df56_natural_object_hf_caltech101_41_000635_feba5298bc34.jpg,food,other,0.1779603362083435,0.6979280710220337,real
dataset/val/food/60d4163e7f9b_natural_object_hf_caltech256_62_001716_de678f090003.jpg,food,other,0.17675593495368958,0.10847543179988861,real
dataset/val/food/f221a6223e80_natural_object_hf_caltech256_155_001062_5b31bec1f5ef.jpg,food,other,0.1765134632587433,0.1194106787443161,real
dataset/val/food/8e2e4fb58941_scene_texture_hf_sun397_340_002018_0cf51cfc1d66.jpg,food,other,0.1761651337146759,0.015206756070256233,real
dataset/val/food/553b8587d6c4_土豆.jpg,food,other,0.1759977787733078,0.07842545211315155,real
dataset/val/food/f0f4983f9260_scene_texture_hf_sun397_91_002536_3586975ea6a2.jpg,food,other,0.17476798593997955,0.014453611336648464,real
dataset/val/food/718d05d01879_蜂蜜柠檬气泡酒_IMG_20211121_120131.jpg,food,other,0.17449505627155304,0.012339620850980282,real
dataset/val/food/efe08cc34d4b_natural_object_hf_caltech101_33_000722_f96a791c954a.jpg,food,other,0.17433150112628937,0.0350673608481884,real
dataset/val/food/4fc5e47913c1_鸡柳核桃肉__4__1C79AE3A0B.jpg,food,other,0.17427292466163635,0.06219601258635521,real
dataset/val/food/93573ba7e139_榨菜炒腊猪脸_D9B7D525D8.jpg,food,other,0.17378097772598267,0.008137119002640247,real
dataset/val/food/1701376ae902_natural_object_hf_caltech256_94_001749_c5c783987018.jpg,food,other,0.1720600426197052,0.016927557066082954,real
dataset/val/food/a7cff18efafc_scene_texture_hf_sun397_73_002589_bc719643b9a1.jpg,food,other,0.1706276684999466,0.19423604011535645,real
dataset/val/food/5465ba37929f_natural_object_hf_caltech101_60_000654_a56f01b05325.jpg,food,other,0.17061938345432281,0.18043583631515503,real
dataset/val/food/4d6702493a4a_脆椒掌中宝_DDC72DDF59.jpg,food,other,0.17048205435276031,0.021899066865444183,real
dataset/val/food/dbb96420deba_YC1891黄辣丁_0EB6EF0F9A.jpg,food,other,0.16944201290607452,0.10479329526424408,real
dataset/val/food/8a7d82a03eff_雪菜肉丝炒毛豆1_E5EFCD96DC.jpg,food,other,0.16832435131072998,0.05919615179300308,real
dataset/val/food/2bca12bfd125_石斛麦冬炖鲜鲍_7DDEB7B1BA.jpg,food,other,0.16720342636108398,0.02198244258761406,real
dataset/val/food/1c4ed14db6e8_scene_texture_hf_sun397_73_002733_5ef3f681ded3.jpg,food,other,0.16579248011112213,0.06875308603048325,real
dataset/val/food/22d0208fe748_654优质米饭2_5碗.jpg,food,other,0.1653263121843338,0.023362746462225914,real
dataset/val/food/eab9c7030e84_scene_texture_hf_sun397_75_002735_6409dead8bba.jpg,food,other,0.161738321185112,0.17092442512512207,real
dataset/val/food/2e119ad32608_虾干拌白菜.jpg,food,other,0.1616947203874588,0.013855370692908764,real
dataset/val/food/354782cb3ed1_scene_texture_hf_sun397_341_002019_d34fa136b700.jpg,food,other,0.16054406762123108,0.01487811654806137,real
dataset/val/food/5a490d2c1858_natural_object_hf_caltech256_60_001947_c4de2c36cf91.jpg,food,other,0.16017092764377594,0.03324960917234421,real
dataset/val/food/61e26f2f7002_scene_texture_hf_sun397_344_002845_09f646251f03.jpg,food,other,0.1589476764202118,0.2033541202545166,real
dataset/val/food/1e0ec4d56870_natural_object_hf_caltech101_20_000804_c1c94d2a912f.jpg,food,other,0.15835464000701904,0.002892430406063795,real
dataset/val/food/bc4edba42c6f_肉汁萝卜1.jpg,food,other,0.15717513859272003,0.04310677945613861,real
dataset/val/food/b7c3d8f759a5_联盟猫旗舰店__46_.jpg,food,other,0.15668566524982452,0.05511549115180969,real
dataset/val/food/3b137f8d5611_干锅土豆片8.jpg,food,other,0.15416193008422852,0.04218948259949684,real
dataset/val/food/d671a64d0b6a_natural_object_hf_caltech101_56_000053_c47df05990f7.jpg,food,other,0.15387475490570068,0.012973939068615437,real
dataset/val/food/3643c088be37_scene_texture_hf_sun397_97_002316_4648b48abd99.jpg,food,other,0.1533805876970291,0.4422634541988373,real
dataset/val/food/d2194b3b21e9_natural_object_hf_caltech101_45_000041_efd1368d392f.jpg,food,other,0.15023547410964966,0.06722170859575272,real
dataset/val/food/a0a2771200d9_natural_object_hf_caltech101_62_000060_fdb69afb05c9.jpg,food,other,0.14989010989665985,0.42768341302871704,real
dataset/val/food/5f9cead78de9_湘西小炒肉__2_.jpg,food,other,0.1490621268749237,0.00662967236712575,real
dataset/val/food/0e88d5414c9e_三生联合茶道扇子骨1.jpg,food,other,0.1487831175327301,0.015398713760077953,real
dataset/val/food/375967e045e9_natural_object_hf_caltech256_147_001053_1abeef92f467.jpg,food,other,0.14545346796512604,0.000919195415917784,real
dataset/val/food/260466195842_natural_object_hf_caltech256_178_001592_84776775aed7.jpg,food,other,0.1442117989063263,0.04243826866149902,real
dataset/val/food/3a3d7c1b91f2_可口可乐300ml_IMG_20211121_115148.jpg,food,other,0.14414867758750916,0.0064992341212928295,real
dataset/val/food/04a783cadd7a_咔咔脆麦片_IMG_20211121_122743.jpg,food,other,0.1421279013156891,0.046324752271175385,real
dataset/val/food/ac84264a8c91_natural_object_hf_caltech256_25_001167_3d96a9020b60.jpg,food,other,0.1414985954761505,0.0004806237993761897,real
dataset/val/food/31fd547d4760_虫草花拌木耳_7B0505B941.jpg,food,other,0.14149034023284912,0.004777348600327969,real
dataset/val/food/3845c642e6a4_natural_object_hf_caltech256_41_001928_17898a05f5f1.jpg,food,other,0.1388881355524063,0.01758679188787937,real
dataset/val/food/d153a7a61cf5_natural_object_hf_caltech101_31_000228_9e1b6545322c.jpg,food,other,0.13810816407203674,0.013586527667939663,real
dataset/val/food/732ede695e15_亮亮图文旗舰店__48__2786D9C11B.jpg,food,other,0.13804331421852112,0.03578254580497742,real
dataset/val/food/83450f849af0_natural_object_hf_caltech256_32_001683_934b8ce53707.jpg,food,other,0.13389389216899872,0.8435787558555603,real
dataset/val/food/b5c09dfe8383_IMG_12_06_23_517172df3182296b22.jpg,food,other,0.13215722143650055,0.0626177117228508,real
dataset/val/food/01b4342461a8_scene_texture_hf_sun397_61_002576_2a9035f0fd66.jpg,food,other,0.13045570254325867,0.5473357439041138,real
dataset/val/food/68f51b02644d_scene_texture_hf_sun397_93_002826_3acee6eaf66f.jpg,food,other,0.1296570748090744,0.03572117164731026,real
dataset/val/food/a044505117cd_HQ119海鲜--泡椒圣子皇.jpg,food,other,0.12876413762569427,0.017959287390112877,real
dataset/val/food/6f79fc26235c_natural_object_hf_caltech256_57_001210_5acb36160704.jpg,food,other,0.12792137265205383,0.33488211035728455,real
dataset/val/food/e21525675929_natural_object_hf_caltech101_73_000571_0be94b2f4962.jpg,food,other,0.12775756418704987,0.023908741772174835,real
dataset/val/food/aa7d3ced86e4_natural_object_hf_caltech101_67_000467_aa0c1d49f474.jpg,food,other,0.12323018908500671,0.005169045180082321,real
dataset/val/food/f2d914cc82a1_document_chainyo_rvl-cdip_3_003442_72b0d05eb9c9.jpg,food,other,0.12272929400205612,0.49391865730285645,real
dataset/val/food/bdc67df5f585_natural_object_hf_caltech256_81_001736_760aa5ada424.jpg,food,other,0.12176696211099625,0.15656232833862305,real
dataset/val/food/5cfbedebad43_燕塘原味酸奶_IMG_20211121_112247.jpg,food,other,0.12118033319711685,0.0036511628422886133,real
dataset/val/food/0cae05660184_document_chainyo_rvl-cdip_3_003562_c937573a2798.jpg,food,other,0.11978112906217575,0.5519195199012756,real
dataset/val/food/7e1cad8fbfe8_natural_object_hf_caltech101_66_000266_4404b5e62f7c.jpg,food,other,0.11965120583772659,0.0205580722540617,real
dataset/val/food/bda1708da4b6_natural_object_hf_caltech101_75_000669_d82fc9970ea5.jpg,food,other,0.11942259222269058,0.0761595144867897,real
dataset/val/food/b7cb51273204_natural_object_hf_caltech256_189_001099_23ed2d840016.jpg,food,other,0.11879613995552063,0.019933637231588364,real
dataset/val/food/653bc18573e2_燕塘甜牛奶_IMG_20211121_113939.jpg,food,other,0.11816319078207016,0.017813613638281822,real
dataset/val/food/a7935b612a7b_278绿茶凉粉-酸辣生态膏.jpg,food,other,0.11813141405582428,0.008591064251959324,real
dataset/val/food/37bff64d1609_natural_object_hf_caltech256_80_001236_50df59934b1d.jpg,food,other,0.11806448549032211,0.014777387492358685,real
dataset/val/food/1f84fad24a30_natural_object_hf_caltech256_133_001294_0751f7a9bfb7.jpg,food,other,0.11725703626871109,0.3428429365158081,real
dataset/val/food/a3c9fbaefa9e_秘制咸菜拼腊肠-__1_.jpg,food,other,0.11614908277988434,0.008194328285753727,real
dataset/val/food/306c49c4ad2e_YC2735韭菜炒河虾.jpg,food,other,0.11386220902204514,0.010496938601136208,real
dataset/val/food/eddd3dcf76f9_YC7229香菇扒菜胆.jpg,food,other,0.1125941202044487,0.004291695076972246,real
dataset/val/food/534eb12f7d2f_椿芽笋丝_A44CFC9BD8.jpg,food,other,0.11253362894058228,0.014505822211503983,real
dataset/val/food/bbab139dd9a6_scene_texture_hf_sun397_217_002395_a509df1034a1.jpg,food,other,0.11232566088438034,0.057867974042892456,real
dataset/val/food/7b98775c7378_scene_texture_hf_sun397_78_002137_cf853c875cec.jpg,food,other,0.11057010293006897,0.07357858866453171,real
dataset/val/food/1e3bcb68585b_鱼冻.jpg,food,other,0.11023540049791336,0.09807278960943222,real
dataset/val/food/4edcd4053e09_HQ-145清波.jpg,food,other,0.10953650623559952,0.21137955784797668,real
dataset/val/food/5917ba442f33_北京片皮鸭_128元只_0CA39901E7.jpg,food,other,0.10944151133298874,0.09782341122627258,real
dataset/val/food/db1af4b5289c_蜂蜜柠檬气泡酒_IMG_20211121_120008.jpg,food,other,0.10634610801935196,0.003065013326704502,real
dataset/val/food/057c1551b75d_natural_object_hf_caltech256_49_001701_26cb1052889a.jpg,food,other,0.10554181784391403,0.036749713122844696,real
dataset/val/food/bb588f7345a6_HQ-143翘壳.jpg,food,other,0.10552729666233063,0.1277005821466446,real
dataset/val/food/525dde01cd32_瓜子_D8B101113E.jpg,food,other,0.1042429730296135,0.003236655378714204,real
dataset/val/food/fa554e36fbc4_茄瓜牛仔骨.jpg,food,other,0.10421527922153473,0.013217565603554249,real
dataset/val/food/d55980db52c3_YC4847热----文君香肘.jpg,food,other,0.10397830605506897,0.028460301458835602,real
dataset/val/food/08244b3dccf2_natural_object_hf_caltech256_247_001417_b17f598ccd13.jpg,food,other,0.10257553309202194,0.04282183200120926,real
dataset/val/food/a5700b6ed841_红果水晶虾仁__4__B64349E0C2.jpg,food,other,0.10188188403844833,0.04196726903319359,real
dataset/val/food/5b2bb6e8afdc_natural_object_hf_caltech256_195_001850_0a5446f92e5e.jpg,food,other,0.10068489611148834,0.0016425185604020953,real
dataset/val/food/bdf9b7944976_document_chainyo_rvl-cdip_5_003356_0ae1fd6a003d.jpg,food,other,0.09696543961763382,0.6928653717041016,real
dataset/val/food/f741f217ed81_natural_object_hf_caltech101_84_000486_2cbc832381b8.jpg,food,other,0.09678149968385696,0.038299188017845154,real
dataset/val/food/fa81c7f01589_26特色石锅鸡38元_.jpg,food,other,0.09670279920101166,0.049975693225860596,real
dataset/val/food/cfd28cc46d3f_natural_object_hf_caltech256_212_001381_7af438cc52ad.jpg,food,other,0.09669110924005508,0.01988668367266655,real
dataset/val/food/b8d14205c17a_IMG_20220108_141618.jpg,food,other,0.09358683228492737,0.019886545836925507,real
dataset/val/food/d67b6057fc67_腰仁芋头.jpg,food,other,0.09272415190935135,0.00794325303286314,real
dataset/val/food/334d3b7ee698_natural_object_hf_caltech256_10_001755_24265a09a608.jpg,food,other,0.09020272642374039,0.01873122714459896,real
dataset/val/food/fa7015c4903c_IMG_12_09_04_599172da79a2c83a55.jpg,food,other,0.09018532931804657,0.046098124235868454,real
dataset/val/food/7451ad318ac4_scene_texture_hf_sun397_60_002790_7b4978359ed0.jpg,food,other,0.08937941491603851,0.016864659264683723,real
dataset/val/food/dd28d4591bda_scene_texture_hf_sun397_356_002990_3d59f5730ee2.jpg,food,other,0.08893731236457825,0.03531070053577423,real
dataset/val/food/b3c5776a7f7e_natural_object_hf_caltech256_131_001543_2ef63c502f31.jpg,food,other,0.08775382488965988,0.028431719169020653,real
dataset/val/food/e1c6ff868277_natural_object_hf_caltech101_6_000749_3bde168b6680.jpg,food,other,0.08708443492650986,0.15303926169872284,real
dataset/val/food/ded65f312a2c_佛跳墙_A044B70EEA.jpg,food,other,0.08684349805116653,0.12684163451194763,real
dataset/val/food/551fd163aa93_金源佛跳墙.jpg,food,other,0.0857231467962265,0.03667491301894188,real
dataset/val/food/762f383fec73_茴香鲈鱼__1_.jpg,food,other,0.0847688838839531,0.06731290370225906,real
dataset/val/food/ac14116d320c_natural_object_hf_caltech256_243_001160_25b1ca38e095.jpg,food,other,0.0834413692355156,0.05107342451810837,real
dataset/val/food/6130d3d098b5_natural_object_hf_caltech256_20_001112_08e524b2a72b.jpg,food,other,0.08304319530725479,0.014122972264885902,real
dataset/val/food/c3e1f53fa736_2020-06-12_11-28-31_320_3.jpg,food,other,0.08243323862552643,0.006680682767182589,real
dataset/val/food/67c2e8a4d030_YC1496锅巴签签肚.jpg,food,other,0.07899291813373566,0.023966802284121513,real
dataset/val/food/adac991a20aa_document_chainyo_rvl-cdip_3_003130_007b0f7dc81b.jpg,food,other,0.07860159128904343,0.3728480935096741,real
dataset/val/food/4dccad17220a_scene_texture_hf_sun397_9_002822_1b90c7870ceb.jpg,food,other,0.07472730427980423,0.1625295728445053,real
dataset/val/food/70f9f6e16a58_冰镇木瓜_A1B6F420C1.jpg,food,other,0.0732211023569107,0.05233360081911087,real
dataset/val/food/1a1093b4cff2_document_chainyo_rvl-cdip_3_003642_8a80a03a6240.jpg,food,other,0.07147881388664246,0.6112100481987,real
dataset/val/food/cf303dd9e14f_natural_object_hf_caltech101_28_000903_73502e0583cd.jpg,food,other,0.06993696093559265,0.12588630616664886,real
dataset/val/food/e6c9c13afc71_natural_object_hf_caltech256_183_001839_6691e5f7defe.jpg,food,other,0.06976142525672913,0.016338778659701347,real
dataset/val/food/30f041589b17_HQ158河鲶.jpg,food,other,0.0697314590215683,0.11922413110733032,real
dataset/val/food/e2567e8782c8_Aloo_gobi_0036.jpg,food,other,0.06951399147510529,0.0791601687669754,real
dataset/val/food/cddb96796fde_HQ-642椒汁多宝.jpg,food,other,0.06879628449678421,0.10462100058794022,real
dataset/val/food/fbbe0c2095ba_natural_object_hf_caltech256_101_001989_6d78674ce39e.jpg,food,other,0.068550705909729,0.04966062679886818,real
dataset/val/food/05d37443dc98_natural_object_hf_caltech256_167_001823_ad2121cdb690.jpg,food,other,0.06851856410503387,0.0609903447329998,real
dataset/val/food/4f79e64e68d6_210砂锅缠丝豇豆.jpg,food,other,0.066701740026474,0.044611599296331406,real
dataset/val/food/7effac90d964_scene_texture_hf_sun397_80_002882_59f8223c67f6.jpg,food,other,0.06625491380691528,0.13252945244312286,real
dataset/val/food/295acc9f26fc_natural_object_hf_caltech256_118_001528_80ce2ef33e23.jpg,food,other,0.06381982564926147,0.0002544279268477112,real
dataset/val/food/448c3441645c_scene_texture_hf_sun397_86_002225_82162232f333.jpg,food,other,0.06305791437625885,0.16560521721839905,real
dataset/val/food/2d3a5cb2602d_scene_texture_hf_sun397_347_002636_f4531263facf.jpg,food,other,0.06223519146442413,0.10027305781841278,real
dataset/val/food/1f5330d35d10_焖烧羊肚菌__5_.jpg,food,other,0.06075749918818474,0.006641735788434744,real
dataset/val/food/df8b5dbe372e_natural_object_hf_caltech101_65_000265_1cff7979e319.jpg,food,other,0.05977477878332138,0.04342569783329964,real
dataset/val/food/777435259936_natural_object_hf_caltech256_138_001043_a5d82ab94b03.jpg,food,other,0.059367064386606216,0.02440814860165119,real
dataset/val/food/c850c9e01202_咔咔脆麦片_IMG_20211121_123204.jpg,food,other,0.05868798494338989,0.009784531779587269,real
dataset/val/food/f750cdbc8594_果仁莼菜.jpg,food,other,0.05777592211961746,0.033151958137750626,real
dataset/val/food/d16bbeaf4531_scene_texture_hf_sun397_344_002560_2a9cc98e05de.jpg,food,other,0.05487892031669617,0.13485735654830933,real
dataset/val/food/5350aa093eda_scene_texture_hf_sun397_348_002491_c6b1b0a5b46b.jpg,food,other,0.0546315535902977,0.3280496597290039,real
dataset/val/food/2cc6a8d655e1_natural_object_hf_caltech256_132_001544_04e76dd11af5.jpg,food,other,0.05258915573358536,0.03652419522404671,real
dataset/val/food/1cdedc3d2411_scene_texture_hf_sun397_340_002556_76329167f2ae.jpg,food,other,0.05246717482805252,0.12302592396736145,real
dataset/val/food/e7008f7f8c25_scene_texture_hf_sun397_337_002094_9e3ccaa5da61.jpg,food,other,0.051798265427351,0.16442064940929413,real
dataset/val/food/7ede1178056f_scene_texture_hf_sun397_77_002136_59943dc449f7.jpg,food,other,0.051548779010772705,0.005436489824205637,real
dataset/val/food/483ac18b8630_scene_texture_hf_sun397_68_002868_4de75a686f22.jpg,food,other,0.0508592389523983,0.1792505383491516,real
dataset/val/food/0460bd045309_scene_texture_hf_sun397_69_002657_ac583e3f998b.jpg,food,other,0.04943743348121643,0.07684220373630524,real
dataset/val/food/9ba2a9f6fa7e_natural_object_hf_caltech256_191_001102_d78d6c3b8bef.jpg,food,other,0.04774138703942299,0.05040794983506203,real
dataset/val/food/1ce748587728_scene_texture_hf_sun397_9_002958_a791707393c8.jpg,food,other,0.045611653476953506,0.3783290982246399,real
dataset/val/food/5a8ccf08fd8a_natural_object_hf_caltech256_93_001250_408aee5a8408.jpg,food,other,0.04421084746718407,0.047534022480249405,real
dataset/val/food/f5a9dc422c50_natural_object_hf_caltech101_41_000037_b941eaffe279.jpg,food,other,0.04376585781574249,0.4124148488044739,real
dataset/val/food/837f040ec873_natural_object_hf_caltech256_165_001578_f9733e35c7b2.jpg,food,other,0.04346952214837074,0.3218640089035034,real
dataset/val/food/9f4a5bbe9e58_249石锅豆腐.jpg,food,other,0.043362636119127274,0.15412794053554535,real
dataset/val/food/83e6863c65b9_natural_object_hf_caltech101_60_000260_edf7a468d592.jpg,food,other,0.04152150824666023,0.07932779937982559,real
dataset/val/food/abdfa0bc4dc4_干锅小乳茄.jpg,food,other,0.04075765237212181,0.06016184017062187,real
dataset/val/food/983a6578f5db_natural_object_hf_caltech256_254_001672_1e13c0759fc2.jpg,food,other,0.03958402946591377,0.024288851767778397,real
dataset/val/food/8315edfedf4c_natural_object_hf_caltech101_24_000321_339dd4a0ff1b.jpg,food,other,0.03886360675096512,0.1652020961046219,real
dataset/val/food/ea49a0783308_natural_object_hf_caltech101_43_000342_d63a5e43bfdd.jpg,food,other,0.03879160434007645,0.0394304096698761,real
dataset/val/food/496c27a03d0e_越式马兰卷.jpg,food,other,0.03870292007923126,0.020229054614901543,real
dataset/val/food/2fcce46da8ad_natural_object_hf_caltech256_56_001942_fecff8f9728e.jpg,food,other,0.03854424133896828,0.0036241125781089067,real
dataset/val/food/6fe588c79965_scene_texture_hf_sun397_353_002112_f85ab6548419.jpg,food,other,0.03787809610366821,0.02848074771463871,real
dataset/val/food/a838c5ea9380_natural_object_hf_caltech101_82_000082_4fa6182d63f4.jpg,food,other,0.03771127015352249,0.05096863955259323,real
dataset/val/food/639d25c64c7d_坛香炒饭.jpg,food,other,0.03759365901350975,0.03497983142733574,real
dataset/val/food/5100cec2f036_鲍鱼甩饼__3_.jpg,food,other,0.0372970849275589,0.012766583822667599,real
dataset/val/food/96b29aa8a8ac_natural_object_hf_caltech256_2_001616_e527501f2c5f.jpg,food,other,0.036973800510168076,0.4220753014087677,real
dataset/val/food/4e17a60d5f03_natural_object_hf_caltech256_138_001299_3213ab708be8.jpg,food,other,0.03663968667387962,0.01646433025598526,real
dataset/val/food/104c3d55eaae_natural_object_hf_caltech101_98_000596_676fafa3cf20.jpg,food,other,0.03642817959189415,0.11814987659454346,real
dataset/val/food/522622a3b131_natural_object_hf_caltech256_150_001057_9ae7804e8149.jpg,food,other,0.03512943908572197,0.034766558557748795,real
dataset/val/food/fb952a587196_scene_texture_hf_sun397_75_002806_7dd5fc81d68f.jpg,food,other,0.03508158028125763,0.1882217675447464,real
dataset/val/food/11d4d8f7fc00_HQ070桂鱼.jpg,food,other,0.034844666719436646,0.08650814741849899,real
dataset/val/food/3dd429e11d38_natural_object_hf_caltech101_86_000389_13b4cf4e9d68.jpg,food,other,0.0344383642077446,0.004888745024800301,real
dataset/val/food/4cac59d07fba_natural_object_hf_caltech101_64_000365_bbf52ef507ae.jpg,food,other,0.034251704812049866,0.12771554291248322,real
dataset/val/food/73022fbd9af4_natural_object_hf_caltech101_88_000586_f8cd6a71b7c4.jpg,food,other,0.033548273146152496,0.059419747442007065,real
dataset/val/food/08936ab36bc8_natural_object_hf_caltech101_17_000608_ba67c1519395.jpg,food,other,0.03269149363040924,0.1701515167951584,real
dataset/val/food/fb74904ff4fa_natural_object_hf_caltech101_65_000658_847daaf39fe2.jpg,food,other,0.03247955068945885,0.1238447055220604,real
dataset/val/food/20521ffa183b_natural_object_hf_caltech101_40_000238_88beea92701b.jpg,food,other,0.032385870814323425,0.09826266765594482,real
dataset/val/food/d93942b9c06b_natural_object_hf_caltech256_256_001174_8ff354d22585.jpg,food,other,0.03235239163041115,0.10378711670637131,real
dataset/val/food/62c4a72ab4aa_蒸饺.jpg,food,other,0.03194749727845192,0.026180380955338478,real
dataset/val/food/449823785645_scene_texture_hf_sun397_74_002941_22d10c30aa7f.jpg,food,other,0.03183036670088768,0.0749155804514885,real
dataset/val/food/8136b6bbed1f_scene_texture_hf_sun397_346_002913_0996746c97ad.jpg,food,other,0.029929671436548233,0.11255199462175369,real
dataset/val/food/c301a8e64138_natural_object_hf_caltech256_144_001306_dd86e6636a15.jpg,food,other,0.029462771490216255,0.20194928348064423,real
dataset/val/food/7534cba23d9f_亮亮图文旗舰店1__72_.jpg,food,other,0.023682458326220512,0.05897966027259827,real
dataset/val/food/f75b2966ccd4_natural_object_hf_caltech256_112_001766_3b071b0f937b.jpg,food,other,0.022591380402445793,0.005812071729451418,real
dataset/val/food/d1b03bcb25fa_scene_texture_hf_sun397_341_002410_621ef32a5c9f.jpg,food,other,0.022371439263224602,0.5739737749099731,real
dataset/val/food/e2def41a44d4_natural_object_hf_caltech101_32_000625_fb41f7a03621.jpg,food,other,0.021999584510922432,0.0709356814622879,real
dataset/val/food/c48d296fce08_HQ244石斑鱼__清蒸_双椒_豉汁__时价.jpg,food,other,0.021786943078041077,0.16237105429172516,real
dataset/val/food/8d92bae11f34_natural_object_hf_caltech101_30_000126_ae2d706232e3.jpg,food,other,0.020230723544955254,0.03314630314707756,real
dataset/val/food/e88162ccd470_scene_texture_hf_sun397_79_002058_e6d98e9f296c.jpg,food,other,0.016855791211128235,0.11489586532115936,real
dataset/val/food/34c919a8886f_natural_object_hf_caltech256_112_001015_1a6d26e35f9f.jpg,food,other,0.015887519344687462,0.10060696303844452,real
dataset/val/food/11fdc0fc8930_scene_texture_hf_sun397_344_002487_e6e95e0bc9a0.jpg,food,other,0.015346645377576351,0.829914391040802,real
dataset/val/food/58e7be3e0132_scene_texture_hf_sun397_337_002552_ee57638e95f3.jpg,food,other,0.014879961498081684,0.61152583360672,real
dataset/val/food/a3fe11524e94_YC5243神龟戏龙凤.jpg,food,other,0.014672559686005116,0.055906087160110474,real
dataset/val/food/3e6b18bc926d_natural_object_hf_caltech256_185_001600_35bc79556153.jpg,food,other,0.01466575637459755,0.14951205253601074,real
dataset/val/food/5336b47e8ea3_scene_texture_hf_sun397_87_002889_a4831ab7af36.jpg,food,other,0.011381521821022034,0.17831963300704956,real
dataset/val/food/d388d100eb2c_natural_object_hf_caltech101_38_000437_5f4727f03dd8.jpg,food,other,0.010779126547276974,0.18358542025089264,real
dataset/val/food/1b65a191c4c2_HQ273鲟鱼.jpg,food,other,0.010460657998919487,0.18222573399543762,real
dataset/val/food/9089efbba246_natural_object_hf_caltech256_57_001710_e1ddfaba24c0.jpg,food,other,0.010309969075024128,0.08725199848413467,real
dataset/val/food/029bf0eb4e8c_natural_object_hf_caltech256_251_001904_a90d7c344949.jpg,food,other,0.008867666125297546,0.14888563752174377,real
dataset/val/food/bdd717ff4b9a_natural_object_hf_caltech256_31_001182_199f26760a52.jpg,food,other,0.008764849975705147,0.10208617150783539,real
dataset/val/food/b7ca0375312f_natural_object_hf_caltech256_177_001342_5d242c880c1c.jpg,food,other,0.008632311597466469,0.015834597870707512,real
dataset/val/food/aacaed9f1c57_scene_texture_hf_sun397_225_002170_0b15bf307567.jpg,food,other,0.007742583751678467,0.11271006613969803,real
dataset/val/food/b32b7a55f9d6_HQ-97长江玄鱼仔.jpg,food,other,0.0076702432706952095,0.5010754466056824,real
dataset/val/food/7b18577491e0_蛋糕塔_IMG_20220108_141746.jpg,food,other,0.007278657518327236,0.0691346675157547,real
dataset/val/food/be76042e7163_natural_object_hf_caltech101_59_000652_f21184a0b925.jpg,food,other,0.0071486858651041985,0.0065056318417191505,real
dataset/val/food/ef3d46d850a4_natural_object_hf_caltech256_106_001993_da15c525c54a.jpg,food,other,0.00701435562223196,0.200312077999115,real
dataset/val/food/850171a181d6_natural_object_hf_caltech256_87_001243_00884e056a86.jpg,food,other,0.006230712402611971,0.17428602278232574,real
dataset/val/food/0f8bde0ece9a_natural_object_hf_caltech101_95_000877_cb9717e485f1.jpg,food,other,0.0054665724746882915,0.00984088983386755,real
dataset/val/food/468a4d16a111_scene_texture_hf_sun397_98_002317_512a97638322.jpg,food,other,0.00497459527105093,0.2931203544139862,real
dataset/val/food/28cb922569a3_HQ081海鲜--波螺.jpg,food,other,0.0049083903431892395,0.23012816905975342,real
dataset/val/food/ece476375329_清炒河虾仁__4_.jpg,food,other,0.0047396766021847725,0.0726562961935997,real
dataset/val/food/fedddcecc3de_natural_object_hf_caltech101_1_000791_cc5824c3fc07.jpg,food,other,0.004706042353063822,0.3044848144054413,real
dataset/val/food/684fbb80ebba_natural_object_hf_caltech101_16_000211_445d88b75984.jpg,food,other,0.003424711525440216,0.2092503309249878,real
dataset/val/food/2774b2ef2507_scene_texture_hf_sun397_86_002676_aa9cede1c605.jpg,food,other,0.0029492429457604885,0.19568708539009094,real
dataset/val/food/5d447dafd0b4_natural_object_hf_caltech101_90_000293_724e87fb1bc9.jpg,food,other,0.0015344299608841538,0.011012984439730644,real
dataset/val/food/82363bc221ab_natural_object_hf_caltech101_59_000359_dfe9e7c39503.jpg,food,other,0.00142856000456959,0.001529840286821127,real
dataset/val/food/de846aadf17d_natural_object_hf_caltech256_118_001772_a1066c603065.jpg,food,other,0.0009941339958459139,0.005575146060436964,real
